{
    "properties": {
        "area": 92.25,
        "bedrooms": 1,
        "compactness": 0.52,
        "net_area": 80.77,
        "perimeter": 47.06,
        "unit_type_0": 1,
        "unit_type_1": 0,
        "unit_type_2": 0,
        "unit_type_3": 0
    },
    "vertices": {
        "Vertex_0000": {
            "area": 1.74,
            "compactness": 0.66,
            "geometry": [
                [
                    136.794651,
                    124.149916,
                    0.0
                ],
                [
                    136.581254,
                    124.149916,
                    0.0
                ],
                [
                    136.581254,
                    125.019919,
                    0.0
                ],
                [
                    136.794651,
                    125.019919,
                    0.0
                ]
            ],
            "id": "Vertex_0011",
            "perimeter": 5.74,
            "type": 5,
            "vertex_color": "#ff0000",
            "vertex_size": 7,
            "x": 136.687953,
            "y": 124.584918,
            "z": 0.0
        },
        "Vertex_0001": {
            "area": 8.05,
            "compactness": 0.72,
            "geometry": [
                [
                    141.784865,
                    123.115766,
                    0.0
                ],
                [
                    142.933926,
                    123.115766,
                    0.0
                ],
                [
                    142.933926,
                    121.884629,
                    0.0
                ],
                [
                    142.972456,
                    121.884629,
                    0.0
                ],
                [
                    142.972456,
                    120.440085,
                    0.0
                ],
                [
                    142.933926,
                    120.440085,
                    0.0
                ],
                [
                    142.933926,
                    119.389515,
                    0.0
                ],
                [
                    140.799945,
                    119.389515,
                    0.0
                ],
                [
                    140.799945,
                    123.154296,
                    0.0
                ],
                [
                    141.784865,
                    123.154296,
                    0.0
                ]
            ],
            "id": "Vertex_0010",
            "perimeter": 11.87,
            "type": 3,
            "vertex_color": "#4682b4",
            "vertex_size": 7,
            "x": 142.285023,
            "y": 121.596858,
            "z": 0.0
        },
        "Vertex_0002": {
            "area": 2.33,
            "compactness": 0.73,
            "geometry": [
                [
                    136.794651,
                    119.176122,
                    0.0
                ],
                [
                    136.794651,
                    119.38952,
                    0.0
                ],
                [
                    137.960128,
                    119.38952,
                    0.0
                ],
                [
                    137.960128,
                    119.176122,
                    0.0
                ]
            ],
            "id": "Vertex_0003",
            "perimeter": 6.33,
            "type": 6,
            "vertex_color": "#a52a2a",
            "vertex_size": 7,
            "x": 137.377389,
            "y": 119.282821,
            "z": 0.0
        },
        "Vertex_0003": {
            "area": 16.68,
            "compactness": 0.77,
            "geometry": [
                [
                    133.013465,
                    123.975049,
                    0.0
                ],
                [
                    136.619784,
                    123.975049,
                    0.0
                ],
                [
                    136.619784,
                    119.350989,
                    0.0
                ],
                [
                    133.013465,
                    119.350989,
                    0.0
                ]
            ],
            "id": "Vertex_0014",
            "perimeter": 16.46,
            "type": 1,
            "vertex_color": "#20b2aa",
            "vertex_size": 7,
            "x": 134.816624,
            "y": 121.663019,
            "z": 0.0
        },
        "Vertex_0004": {
            "area": 17.16,
            "compactness": 0.71,
            "geometry": [
                [
                    140.76142,
                    125.194786,
                    0.0
                ],
                [
                    140.76142,
                    129.441297,
                    0.0
                ],
                [
                    142.217354,
                    129.441297,
                    0.0
                ],
                [
                    142.217354,
                    128.850351,
                    0.0
                ],
                [
                    145.221328,
                    128.850351,
                    0.0
                ],
                [
                    145.221328,
                    125.194786,
                    0.0
                ]
            ],
            "id": "Vertex_0006",
            "perimeter": 17.41,
            "type": 1,
            "vertex_color": "#20b2aa",
            "vertex_size": 7,
            "x": 142.733367,
            "y": 127.828812,
            "z": 0.0
        },
        "Vertex_0005": {
            "area": 1.81,
            "compactness": 0.67,
            "geometry": [
                [
                    142.392221,
                    125.019919,
                    0.0
                ],
                [
                    142.392221,
                    125.216901,
                    0.0
                ],
                [
                    142.392221,
                    125.233316,
                    0.0
                ],
                [
                    143.295055,
                    125.233316,
                    0.0
                ],
                [
                    143.295055,
                    125.019919,
                    0.0
                ]
            ],
            "id": "Vertex_0001",
            "perimeter": 5.81,
            "type": 5,
            "vertex_color": "#ff0000",
            "vertex_size": 7,
            "x": 142.753354,
            "y": 125.144675,
            "z": 0.0
        },
        "Vertex_0006": {
            "area": 5.07,
            "compactness": 0.74,
            "geometry": [
                [
                    145.221328,
                    123.290628,
                    0.0
                ],
                [
                    142.353691,
                    123.290628,
                    0.0
                ],
                [
                    142.353691,
                    125.058449,
                    0.0
                ],
                [
                    145.221328,
                    125.058449,
                    0.0
                ]
            ],
            "id": "Vertex_0008",
            "perimeter": 9.27,
            "type": 2,
            "vertex_color": "#ff8c00",
            "vertex_size": 7,
            "x": 143.787509,
            "y": 124.174539,
            "z": 0.0
        },
        "Vertex_0007": {
            "area": 1.97,
            "compactness": 0.69,