{
    "properties": {
        "area": 111.48,
        "bedrooms": 1,
        "compactness": 0.66,
        "net_area": 99.15,
        "perimeter": 46.08,
        "unit_type_0": 1,
        "unit_type_1": 0,
        "unit_type_2": 0,
        "unit_type_3": 0
    },
    "vertices": {
        "Vertex_0000": {
            "area": 5.81,
            "compactness": 0.71,
            "geometry": [
                [
                    122.913474,
                    130.978182,
                    0.0
                ],
                [
                    122.913474,
                    127.660542,
                    0.0
                ],
                [
                    121.162497,
                    127.660542,
                    0.0
                ],
                [
                    121.162497,
                    130.978182,
                    0.0
                ]
            ],
            "id": "Vertex_0011",
            "perimeter": 10.14,
            "type": 2,
            "vertex_color": "#ff8c00",
            "vertex_size": 7,
            "x": 122.037985,
            "y": 129.319362,
            "z": 0.0
        },
        "Vertex_0001": {
            "area": 4.29,
            "compactness": 0.76,
            "geometry": [
                [
                    122.913474,
                    134.55386,
                    0.0
                ],
                [
                    121.162497,
                    134.55386,
                    0.0
                ],
                [
                    121.162497,
                    137.005227,
                    0.0
                ],
                [
                    122.913474,
                    137.005227,
                    0.0
                ]
            ],
            "id": "Vertex_0005",
            "perimeter": 8.4,
            "type": 2,
            "vertex_color": "#ff8c00",
            "vertex_size": 7,
            "x": 122.037985,
            "y": 135.779544,
            "z": 0.0
        },
        "Vertex_0002": {
            "area": 1.99,
            "compactness": 0.7,
            "geometry": [
                [
                    123.097787,
                    133.374255,
                    0.0
                ],
                [
                    122.876611,
                    133.374255,
                    0.0
                ],
                [
                    122.876611,
                    134.369547,
                    0.0
                ],
                [
                    123.097787,
                    134.369547,
                    0.0
                ]
            ],
            "id": "Vertex_0002",
            "perimeter": 5.99,
            "type": 5,
            "vertex_color": "#ff0000",
            "vertex_size": 7,
            "x": 122.987199,
            "y": 133.871901,
            "z": 0.0
        },
        "Vertex_0003": {
            "area": 17.37,
            "compactness": 0.78,
            "geometry": [
                [
                    121.015047,
                    130.978182,
                    0.0
                ],
                [
                    121.015047,
                    127.162896,
                    0.0
                ],
                [
                    116.462508,
                    127.162896,
                    0.0
                ],
                [
                    116.462508,
                    130.978182,
                    0.0
                ]
            ],
            "id": "Vertex_0003",
            "perimeter": 16.74,
            "type": 1,
            "vertex_color": "#20b2aa",
            "vertex_size": 7,
            "x": 118.738777,
            "y": 129.070539,
            "z": 0.0
        },
        "Vertex_0004": {
            "area": 16.99,
            "compactness": 0.78,
            "geometry": [
                [
                    126.949935,
                    137.705618,
                    0.0
                ],
                [
                    126.949935,
                    133.337392,
                    0.0
                ],
                [
                    123.060924,
                    133.337392,
                    0.0
                ],
                [
                    123.060924,
                    137.705618,
                    0.0
                ]
            ],
            "id": "Vertex_0004",
            "perimeter": 16.51,
            "type": 1,
            "vertex_color": "#20b2aa",
            "vertex_size": 7,
            "x": 125.00543,
            "y": 135.521505,
            "z": 0.0
        },
        "Vertex_0005": {
            "area": 1.77,
            "compactness": 0.67,
            "geometry": [
                [
                    121.19936,
                    129.5774,
                    0.0
                ],
                [
                    120.978184,
                    129.5774,
                    0.0
                ],
                [
                    120.978184,
                    130.462104,
                    0.0
                ],
                [
                    121.19936,
                    130.462104,
                    0.0
                ]
            ],
            "id": "Vertex_0009",
            "perimeter": 5.77,
            "type": 5,
            "vertex_color": "#ff0000",
            "vertex_size": 7,
            "x": 121.088772,
            "y": 130.019752,
            "z": 0.0
        },
        "Vertex_0006": {
            "area": 11.48,
            "compactness": 0.78,
            "geometry": [
                [
                    117.826422,
                    134.240523,
                    0.0
                ],
                [
                    117.826422,
                    137.300133,
                    0.0
                ],
                [
                    117.863285,
                    137.300133,
                    0.0
                ],
                [
                    117.863285,
                    137.668759,
                    0.0
                ],
                [
                    120.978188,
                    137.668759,
                    0.0
                ],
                [
                    120.978188,
                    134.01936,
                    0.0
                ],
                [
                    117.863285,
                    134.01936,
                    0.0
                ],
                [
                    117.863285,
                    134.240523,
                    0.0
                ]
            ],
            "id": "Vertex_0006",
            "perimeter": 13.6,
            "type": 3,
            "vertex_color": "#4682b4",
            "vertex_size": 7,
            "x": 118.632795,
            "y": 135.807194,
            "z": 0.0
        },
        "Vertex_0007": {
            "area": 2.03,
            "compactness": 0.7,
            "geometry": [
                [
                    119.964461,
                    130.941319,
                    0.0
                ],
                [
                    119.964461,
                    131.162495,
                    0.0
                ],
                [
                    120.978184,
                    131.162495,
                    0.0
                ],
                [
                    120.978184,
                    130.941319,
                    0.0
                ]
            ],
            "id": "Vertex_0000",
            "perimeter": 6.03,
            "type": 5,
            "vertex_color": "#ff0000",
            "vertex_size": 7,
            "x": 120.471322,
            "y": 131.051907,
            "z": 0.0
        },
        "Vertex_0008": {
            "area": 43.21,
            "compactness": 0.43,