{
    "properties": {
        "area": 116.13,
        "bedrooms": 2,
        "compactness": 0.5,
        "net_area": 102.28,
        "perimeter": 54.2,
        "unit_type_0": 0,
        "unit_type_1": 0,
        "unit_type_2": 0,
        "unit_type_3": 1
    },
    "vertices": {
        "Vertex_0000": {
            "area": 5.18,
            "compactness": 0.75,
            "geometry": [
                [
                    159.180158,
                    133.261641,
                    0.0
                ],
                [
                    159.180158,
                    132.583252,
                    0.0
                ],
                [
                    156.955632,
                    132.583252,
                    0.0
                ],
                [
                    156.955632,
                    134.824325,
                    0.0
                ],
                [
                    159.378711,
                    134.824325,
                    0.0
                ],
                [
                    159.378711,
                    134.386773,
                    0.0
                ],
                [
                    159.312527,
                    134.386773,
                    0.0
                ],
                [
                    159.312527,
                    133.824207,
                    0.0
                ],
                [
                    159.246343,
                    133.824207,
                    0.0
                ],
                [
                    159.246343,
                    133.261641,
                    0.0
                ]
            ],
            "id": "Vertex_0012",
            "perimeter": 9.33,
            "type": 2,
            "vertex_color": "#ff8c00",
            "vertex_size": 7,
            "x": 158.814674,
            "y": 133.77604,
            "z": 0.0
        },
        "Vertex_0001": {
            "area": 20.01,
            "compactness": 0.78,
            "geometry": [
                [
                    151.925627,
                    136.677485,
                    0.0
                ],
                [
                    156.814071,
                    136.677485,
                    0.0
                ],
                [
                    156.814071,
                    132.583252,
                    0.0
                ],
                [
                    151.925627,
                    132.583252,
                    0.0
                ]
            ],
            "id": "Vertex_0013",
            "perimeter": 17.97,
            "type": 1,
            "vertex_color": "#20b2aa",
            "vertex_size": 7,
            "x": 154.369849,
            "y": 134.630368,
            "z": 0.0
        },
        "Vertex_0002": {
            "area": 6.8,
            "compactness": 0.75,
            "geometry": [
                [
                    149.311343,
                    139.94165,
                    0.0
                ],
                [
                    149.311343,
                    140.851696,
                    0.0
                ],
                [
                    151.73903,
                    140.851696,
                    0.0
                ],
                [
                    151.73903,
                    138.171221,
                    0.0
                ],
                [
                    150.961365,
                    138.171221,
                    0.0
                ],
                [
                    150.961365,
                    137.939593,
                    0.0
                ],
                [
                    149.356385,
                    137.939593,
                    0.0
                ],
                [
                    149.356385,
                    139.94165,
                    0.0
                ]
            ],
            "id": "Vertex_0005",
            "perimeter": 10.68,
            "type": 3,
            "vertex_color": "#4682b4",
            "vertex_size": 7,
            "x": 150.34203,
            "y": 139.22604,
            "z": 0.0
        },
        "Vertex_0003": {
            "area": 1.22,
            "compactness": 0.56,
            "geometry": [
                [
                    156.769029,
                    136.020238,
                    0.0
                ],
                [
                    156.769029,
                    136.632442,
                    0.0
                ],
                [
                    156.984128,
                    136.632442,
                    0.0
                ],
                [
                    157.000674,
                    136.632442,
                    0.0
                ],
                [
                    157.000674,
                    136.020238,
                    0.0
                ]
            ],
            "id": "Vertex_0006",
            "perimeter": 5.22,
            "type": 5,
            "vertex_color": "#ff0000",
            "vertex_size": 7,
            "x": 156.904706,
            "y": 136.387561,
            "z": 0.0
        },
        "Vertex_0004": {
            "area": 3.41,
            "compactness": 0.78,
            "geometry": [
                [
                    145.087505,
                    134.448362,
                    0.0
                ],
                [
                    145.31915,
                    134.448362,
                    0.0
                ],
                [
                    145.31915,
                    132.744117,
                    0.0
                ],
                [
                    145.087505,
                    132.744117,
                    0.0
                ]
            ],
            "id": "Vertex_0000",
            "perimeter": 7.41,
            "type": 6,
            "vertex_color": "#a52a2a",
            "vertex_size": 7,
            "x": 145.203327,
            "y": 133.596239,
            "z": 0.0
        },
        "Vertex_0005": {
            "area": 19.93,
            "compactness": 0.78,
            "geometry": [
                [
                    156.814071,
                    140.896732,
                    0.0
                ],
                [
                    156.814071,
                    136.819045,
                    0.0
                ],
                [
                    151.925627,
                    136.819045,
                    0.0
                ],
                [
                    151.925627,
                    140.896732,
                    0.0
                ]
            ],
            "id": "Vertex_0003",
            "perimeter": 17.93,
            "type": 1,
            "vertex_color": "#20b2aa",
            "vertex_size": 7,
            "x": 154.369849,
            "y": 138.857889,
            "z": 0.0
        },
        "Vertex_0006": {
            "area": 14.3,
            "compactness": 0.78,
            "geometry": [
                [
                    147.89574,
                    139.672323,
                    0.0
                ],
                [
                    149.169787,
                    139.672323,
                    0.0
                ],
                [
                    149.169787,
                    136.057926,
                    0.0
                ],
                [
                    145.274108,
                    136.057926,
                    0.0
                ],
                [
                    145.274108,
                    139.755053,
                    0.0
                ],
                [
                    147.89574,
                    139.755053,
                    0.0
                ]
            ],
            "id": "Vertex_0011",
            "perimeter": 15.19,
            "type": 1,
            "vertex_color": "#20b2aa",
            "vertex_size": 7,
            "x": 147.446545,
            "y": 138.495101,
            "z": 0.0
        },