{
    "properties": {
        "area": 74.14,
        "bedrooms": 0,
        "compactness": 0.53,
        "net_area": 65.89,
        "perimeter": 41.75,
        "unit_type_0": 1,
        "unit_type_1": 0,
        "unit_type_2": 0,
        "unit_type_3": 0
    },
    "vertices": {
        "Vertex_0000": {
            "area": 1.79,
            "compactness": 0.67,
            "geometry": [
                [
                    94.055469,
                    116.403893,
                    0.0
                ],
                [
                    94.055469,
                    116.611745,
                    0.0
                ],
                [
                    94.950833,
                    116.611745,
                    0.0
                ],
                [
                    94.950833,
                    116.403893,
                    0.0
                ]
            ],
            "id": "Vertex_0002",
            "perimeter": 5.79,
            "type": 5,
            "vertex_color": "#ff0000",
            "vertex_size": 7,
            "x": 94.503151,
            "y": 116.507819,
            "z": 0.0
        },
        "Vertex_0001": {
            "area": 1.64,
            "compactness": 0.77,
            "geometry": [
                [
                    94.988361,
                    116.441422,
                    0.0
                ],
                [
                    94.988361,
                    115.311114,
                    0.0
                ],
                [
                    93.538281,
                    115.311114,
                    0.0
                ],
                [
                    93.538281,
                    116.441422,
                    0.0
                ]
            ],
            "id": "Vertex_0004",
            "perimeter": 5.16,
            "type": 2,
            "vertex_color": "#ff8c00",
            "vertex_size": 7,
            "x": 94.263321,
            "y": 115.876268,
            "z": 0.0
        },
        "Vertex_0002": {
            "area": 2.01,
            "compactness": 0.7,
            "geometry": [
                [
                    95.158685,
                    119.201904,
                    0.0
                ],
                [
                    95.158685,
                    119.393767,
                    0.0
                ],
                [
                    95.158685,
                    119.409756,
                    0.0
                ],
                [
                    96.165969,
                    119.409756,
                    0.0
                ],
                [
                    96.165969,
                    119.201904,
                    0.0
                ]
            ],
            "id": "Vertex_0006",
            "perimeter": 6.01,
            "type": 5,
            "vertex_color": "#ff0000",
            "vertex_size": 7,
            "x": 95.561598,
            "y": 119.323417,
            "z": 0.0
        },
        "Vertex_0003": {
            "area": 2.24,
            "compactness": 0.72,
            "geometry": [
                [
                    101.905888,
                    112.662553,
                    0.0
                ],
                [
                    100.786684,
                    112.662553,
                    0.0
                ],
                [
                    100.786684,
                    112.870405,
                    0.0
                ],
                [
                    101.905888,
                    112.870405,
                    0.0
                ],
                [
                    101.905888,
                    112.774473,
                    0.0
                ]
            ],
            "id": "Vertex_0003",
            "perimeter": 6.24,
            "type": 6,
            "vertex_color": "#a52a2a",
            "vertex_size": 7,
            "x": 101.458206,
            "y": 112.768078,
            "z": 0.0
        },
        "Vertex_0004": {
            "area": 1.79,
            "compactness": 0.67,
            "geometry": [
                [
                    92.376663,
                    119.521676,
                    0.0
                ],
                [
                    92.168811,
                    119.521676,
                    0.0
                ],
                [
                    92.168811,
                    120.41704,
                    0.0
                ],
                [
                    92.376663,
                    120.41704,
                    0.0
                ]
            ],
            "id": "Vertex_0005",
            "perimeter": 5.79,
            "type": 5,
            "vertex_color": "#ff0000",
            "vertex_size": 7,
            "x": 92.272737,
            "y": 119.969358,
            "z": 0.0
        },
        "Vertex_0005": {
            "area": 1.79,
            "compactness": 0.67,
            "geometry": [
                [
                    94.055469,
                    117.571063,
                    0.0
                ],
                [
                    94.055469,
                    117.778915,
                    0.0
                ],
                [
                    94.950833,
                    117.778915,
                    0.0
                ],
                [
                    94.950833,
                    117.571063,
                    0.0
                ]
            ],
            "id": "Vertex_0008",
            "perimeter": 5.79,
            "type": 5,
            "vertex_color": "#ff0000",
            "vertex_size": 7,
            "x": 94.503151,
            "y": 117.674989,
            "z": 0.0
        },
        "Vertex_0006": {
            "area": 1.79,
            "compactness": 0.67,
            "geometry": [
                [
                    101.482189,
                    119.201904,
                    0.0
                ],
                [
                    100.586826,
                    119.201904,
                    0.0
                ],
                [
                    100.586826,
                    119.409756,
                    0.0
                ],
                [
                    101.482189,
                    119.409756,
                    0.0
                ]
            ],
            "id": "Vertex_0009",
            "perimeter": 5.79,
            "type": 5,
            "vertex_color": "#ff0000",
            "vertex_size": 7,
            "x": 101.034507,
            "y": 119.30583,
            "z": 0.0
        },
        "Vertex_0007": {
            "area": 34.36,
            "compactness": 0.49,