{
    "properties": {
        "area": 73.39,
        "bedrooms": 1,
        "compactness": 0.78,
        "net_area": 65.32,
        "perimeter": 34.28,
        "unit_type_0": 1,
        "unit_type_1": 0,
        "unit_type_2": 0,
        "unit_type_3": 0
    },
    "vertices": {
        "Vertex_0000": {
            "area": 4.12,
            "compactness": 0.72,
            "geometry": [
                [
                    158.957113,
                    124.865948,
                    0.0
                ],
                [
                    156.244832,
                    124.865948,
                    0.0
                ],
                [
                    156.244832,
                    126.384763,
                    0.0
                ],
                [
                    158.957113,
                    126.384763,
                    0.0
                ]
            ],
            "id": "Vertex_0001",
            "perimeter": 8.46,
            "type": 2,
            "vertex_color": "#ff8c00",
            "vertex_size": 7,
            "x": 157.600973,
            "y": 125.625356,
            "z": 0.0
        },
        "Vertex_0001": {
            "area": 1.97,
            "compactness": 0.69,
            "geometry": [
                [
                    153.465478,
                    124.653931,
                    0.0
                ],
                [
                    153.465478,
                    124.848216,
                    0.0
                ],
                [
                    154.45078,
                    124.848216,
                    0.0
                ],
                [
                    154.45078,
                    124.653931,
                    0.0
                ]
            ],
            "id": "Vertex_0004",
            "perimeter": 5.97,
            "type": 5,
            "vertex_color": "#ff0000",
            "vertex_size": 7,
            "x": 153.958129,
            "y": 124.751073,
            "z": 0.0
        },
        "Vertex_0002": {
            "area": 2.19,
            "compactness": 0.72,
            "geometry": [
                [
                    159.11362,
                    127.637593,
                    0.0
                ],
                [
                    159.11362,
                    126.541271,
                    0.0
                ],
                [
                    158.919335,
                    126.541271,
                    0.0
                ],
                [
                    158.919335,
                    127.637593,
                    0.0
                ]
            ],
            "id": "Vertex_0011",
            "perimeter": 6.19,
            "type": 5,
            "vertex_color": "#ff0000",
            "vertex_size": 7,
            "x": 159.016477,
            "y": 127.089432,
            "z": 0.0
        },
        "Vertex_0003": {
            "area": 2.25,
            "compactness": 0.72,
            "geometry": [
                [
                    150.939773,
                    121.392718,
                    0.0
                ],
                [
                    150.745488,
                    121.392718,
                    0.0
                ],
                [
                    150.745488,
                    122.516796,
                    0.0
                ],
                [
                    150.939773,
                    122.516796,
                    0.0
                ]
            ],
            "id": "Vertex_0009",
            "perimeter": 6.25,
            "type": 6,
            "vertex_color": "#a52a2a",
            "vertex_size": 7,
            "x": 150.84263,
            "y": 121.954757,
            "z": 0.0
        },
        "Vertex_0004": {
            "area": 1.94,
            "compactness": 0.69,
            "geometry": [
                [
                    154.645065,
                    126.346986,
                    0.0
                ],
                [
                    154.645065,
                    126.541271,
                    0.0
                ],
                [
                    155.61649,
                    126.541271,
                    0.0
                ],
                [
                    155.61649,
                    126.346986,
                    0.0
                ]
            ],
            "id": "Vertex_0008",
            "perimeter": 5.94,
            "type": 5,
            "vertex_color": "#ff0000",
            "vertex_size": 7,
            "x": 155.130778,
            "y": 126.444128,
            "z": 0.0
        },
        "Vertex_0005": {
            "area": 1.92,
            "compactness": 0.69,
            "geometry": [
                [
                    156.351998,
                    126.346986,
                    0.0
                ],
                [
                    156.351998,
                    126.541271,
                    0.0
                ],
                [
                    157.309545,
                    126.541271,
                    0.0
                ],
                [
                    157.309545,
                    126.346986,
                    0.0
                ]
            ],
            "id": "Vertex_0003",
            "perimeter": 5.92,
            "type": 5,
            "vertex_color": "#ff0000",
            "vertex_size": 7,
            "x": 156.830771,
            "y": 126.444128,
            "z": 0.0
        },
        "Vertex_0006": {
            "area": 1.78,
            "compactness": 0.67,
            "geometry": [
                [
                    156.28261,
                    123.280058,
                    0.0
                ],
                [
                    156.088325,
                    123.280058,
                    0.0
                ],
                [
                    156.088325,
                    124.168218,
                    0.0
                ],
                [
                    156.28261,
                    124.168218,
                    0.0
                ]
            ],
            "id": "Vertex_0007",
            "perimeter": 5.78,
            "type": 5,
            "vertex_color": "#ff0000",
            "vertex_size": 7,
            "x": 156.185468,
            "y": 123.724138,
            "z": 0.0
        },
        "Vertex_0007": {
            "area": 4.08,
            "compactness": 0.72,
            "geometry": [
                [
                    158.957113,
                    124.747218,
                    0.0
                ],
                [
                    158.957113,
                    123.242281,
                    0.0
                ],
                [
                    156.244832,
                    123.242281,
                    0.0
                ],
                [
                    156.244832,
                    124.747218,
                    0.0
                ]
            ],
            "id": "Vertex_0000",
            "perimeter": 8.43,
            "type": 2,
            "vertex_color": "#ff8c00",
            "vertex_size": 7,
            "x": 157.600973,
            "y": 123.994749,
            "z": 0.0
        },
        "Vertex_0008": {
            "area": 17.94,
            "compactness": 0.76,
            "geometry": [
                [
                    150.901995,
                    129.812506,
                    0.0
                ],
                [
                    154.488558,
                    129.812506,
                    0.0
                ],
                [
                    154.488558,
                    124.810438,
                    0.0
                ],
                [
                    150.901995,
                    124.810438,
                    0.0
                ]
            ],
            "id": "Vertex_0006",
            "perimeter": 17.18,
            "type": 1,
            "vertex_color": "#20b2aa",