{
    "properties": {
        "area": 97.55,
        "bedrooms": 1,
        "compactness": 0.67,
        "net_area": 87.67,
        "perimeter": 42.66,
        "unit_type_0": 1,
        "unit_type_1": 0,
        "unit_type_2": 0,
        "unit_type_3": 0
    },
    "vertices": {
        "Vertex_0000": {
            "area": 1.88,
            "compactness": 0.68,
            "geometry": [
                [
                    141.236363,
                    148.073503,
                    0.0
                ],
                [
                    141.236363,
                    148.267962,
                    0.0
                ],
                [
                    142.178742,
                    148.267962,
                    0.0
                ],
                [
                    142.178742,
                    148.073503,
                    0.0
                ]
            ],
            "id": "Vertex_0000",
            "perimeter": 5.88,
            "type": 5,
            "vertex_color": "#ff0000",
            "vertex_size": 7,
            "x": 141.707552,
            "y": 148.170733,
            "z": 0.0
        },
        "Vertex_0001": {
            "area": 2.21,
            "compactness": 0.72,
            "geometry": [
                [
                    139.934983,
                    144.289031,
                    0.0
                ],
                [
                    139.934983,
                    144.48349,
                    0.0
                ],
                [
                    141.041904,
                    144.48349,
                    0.0
                ],
                [
                    141.041904,
                    144.289031,
                    0.0
                ]
            ],
            "id": "Vertex_0002",
            "perimeter": 6.21,
            "type": 6,
            "vertex_color": "#a52a2a",
            "vertex_size": 7,
            "x": 140.488444,
            "y": 144.38626,
            "z": 0.0
        },
        "Vertex_0002": {
            "area": 1.71,
            "compactness": 0.66,
            "geometry": [
                [
                    138.319477,
                    148.956048,
                    0.0
                ],
                [
                    138.125018,
                    148.956048,
                    0.0
                ],
                [
                    138.125018,
                    149.808677,
                    0.0
                ],
                [
                    138.319477,
                    149.808677,
                    0.0
                ]
            ],
            "id": "Vertex_0004",
            "perimeter": 5.71,
            "type": 5,
            "vertex_color": "#ff0000",
            "vertex_size": 7,
            "x": 138.222248,
            "y": 149.382362,
            "z": 0.0
        },
        "Vertex_0003": {
            "area": 14.18,
            "compactness": 0.71,
            "geometry": [
                [
                    135.935899,
                    153.568426,
                    0.0
                ],
                [
                    139.641009,
                    153.568426,
                    0.0
                ],
                [
                    139.641009,
                    149.968025,
                    0.0
                ],
                [
                    135.322605,
                    149.968025,
                    0.0
                ],
                [
                    135.322605,
                    151.339626,
                    0.0
                ],
                [
                    135.935899,
                    151.339626,
                    0.0
                ]
            ],
            "id": "Vertex_0005",
            "perimeter": 15.84,
            "type": 1,
            "vertex_color": "#20b2aa",
            "vertex_size": 7,
            "x": 136.966505,
            "y": 151.625359,
            "z": 0.0
        },
        "Vertex_0004": {
            "area": 38.38,
            "compactness": 0.46,
            "geometry": [
                [
                    135.935899,
                    148.108614,
                    0.0
                ],
                [
                    138.284366,
                    148.108614,
                    0.0
                ],
                [
                    138.284366,
                    149.843787,
                    0.0
                ],
                [
                    139.765247,
                    149.843787,
                    0.0
                ],
                [
                    139.765247,
                    153.269259,
                    0.0
                ],
                [
                    143.195908,
                    153.269259,
                    0.0
                ],
                [
                    143.195908,
                    151.21477,
                    0.0
                ],
                [
                    143.001462,
                    151.21477,
                    0.0
                ],
                [
                    143.001462,
                    150.257424,
                    0.0
                ],
                [
                    143.195908,
                    150.257424,
                    0.0
                ],
                [
                    143.195908,
                    149.893233,
                    0.0
                ],
                [
                    143.036564,
                    149.893233,
                    0.0
                ],
                [
                    143.036564,
                    148.232852,
                    0.0
                ],
                [
                    141.077015,
                    148.232852,
                    0.0
                ],
                [
                    141.077015,
                    144.448379,
                    0.0
                ],
                [
                    135.935899,
                    144.448379,
                    0.0
                ]
            ],
            "id": "Vertex_0008",
            "perimeter": 32.55,
            "type": 0,
            "vertex_color": "#8b8b83",
            "vertex_size": 7,
            "x": 140.936546,
            "y": 149.40854,
            "z": 0.0
        },
        "Vertex_0005": {
            "area": 1.81,
            "compactness": 0.67,
            "geometry": [
                [
                    135.97101,
                    145.811047,
                    0.0
                ],
                [
                    135.776551,
                    145.811047,
                    0.0
                ],
                [
                    135.776551,
                    146.716029,
                    0.0
                ],
                [
                    135.97101,
                    146.716029,
                    0.0
                ]
            ],
            "id": "Vertex_0001",
            "perimeter": 5.81,
            "type": 5,
            "vertex_color": "#ff0000",
            "vertex_size": 7,
            "x": 135.87378,
            "y": 146.263538,
            "z": 0.0
        },
        "Vertex_0006": {
            "area": 1.88,
            "compactness": 0.68,
            "geometry": [
                [
                    138.66352,
                    149.808677,
                    0.0
                ],
                [
                    138.66352,
                    150.003136,
                    0.0
                ],
                [
                    139.605899,
                    150.003136,
                    0.0
                ],
                [
                    139.605899,
                    149.808677,
                    0.0
                ]
            ],
            "id": "Vertex_0007",
            "perimeter": 5.88,
            "type": 5,
            "vertex_color": "#ff0000",