{
    "properties": {
        "area": 65.03,
        "bedrooms": 0,
        "compactness": 0.58,
        "net_area": 58.97,
        "perimeter": 37.61,
        "unit_type_0": 1,
        "unit_type_1": 0,
        "unit_type_2": 0,
        "unit_type_3": 0
    },
    "vertices": {
        "Vertex_0000": {
            "area": 3.69,
            "compactness": 0.75,
            "geometry": [
                [
                    170.325307,
                    123.26156,
                    0.0
                ],
                [
                    167.961789,
                    123.26156,
                    0.0
                ],
                [
                    167.961789,
                    124.82367,
                    0.0
                ],
                [
                    170.325307,
                    124.82367,
                    0.0
                ]
            ],
            "id": "Vertex_0004",
            "perimeter": 7.85,
            "type": 2,
            "vertex_color": "#ff8c00",
            "vertex_size": 7,
            "x": 169.143548,
            "y": 124.042615,
            "z": 0.0
        },
        "Vertex_0001": {
            "area": 3.75,
            "compactness": 0.74,
            "geometry": [
                [
                    168.91203,
                    128.464352,
                    0.0
                ],
                [
                    170.439793,
                    128.464352,
                    0.0
                ],
                [
                    170.439793,
                    126.009245,
                    0.0
                ],
                [
                    168.91203,
                    126.009245,
                    0.0
                ]
            ],
            "id": "Vertex_0002",
            "perimeter": 7.97,
            "type": 2,
            "vertex_color": "#ff8c00",
            "vertex_size": 7,
            "x": 169.675912,
            "y": 127.236799,
            "z": 0.0
        },
        "Vertex_0002": {
            "area": 1.6,
            "compactness": 0.64,
            "geometry": [
                [
                    169.607219,
                    125.880129,
                    0.0
                ],
                [
                    169.607219,
                    126.040411,
                    0.0
                ],
                [
                    170.408628,
                    126.040411,
                    0.0
                ],
                [
                    170.408628,
                    125.880129,
                    0.0
                ]
            ],
            "id": "Vertex_0003",
            "perimeter": 5.6,
            "type": 5,
            "vertex_color": "#ff0000",
            "vertex_size": 7,
            "x": 170.007923,
            "y": 125.96027,
            "z": 0.0
        },
        "Vertex_0003": {
            "area": 1.63,
            "compactness": 0.65,
            "geometry": [
                [
                    170.568909,
                    124.952786,
                    0.0
                ],
                [
                    170.408628,
                    124.952786,
                    0.0
                ],
                [
                    170.408628,
                    125.765642,
                    0.0
                ],
                [
                    170.568909,
                    125.765642,
                    0.0
                ]
            ],
            "id": "Vertex_0000",
            "perimeter": 5.63,
            "type": 5,
            "vertex_color": "#ff0000",
            "vertex_size": 7,
            "x": 170.488768,
            "y": 125.359214,
            "z": 0.0
        },
        "Vertex_0004": {
            "area": 14.42,
            "compactness": 0.76,
            "geometry": [
                [
                    170.537743,
                    129.345901,
                    0.0
                ],
                [
                    173.897297,
                    129.345901,
                    0.0
                ],
                [
                    173.897297,
                    125.894758,
                    0.0
                ],
                [
                    173.78281,
                    125.894758,
                    0.0
                ],
                [
                    173.78281,
                    125.734477,
                    0.0
                ],
                [
                    173.748464,
                    125.734477,
                    0.0
                ],
                [
                    173.748464,
                    125.68537,
                    0.0
                ],
                [
                    173.59333,
                    125.627195,
                    0.0
                ],
                [
                    173.556582,
                    125.516952,
                    0.0
                ],
                [
                    173.405003,
                    125.516952,
                    0.0
                ],
                [
                    173.405003,
                    125.276529,
                    0.0
                ],
                [
                    173.34776,
                    125.276529,
                    0.0
                ],
                [
                    173.34776,
                    125.210542,
                    0.0
                ],
                [
                    173.221824,
                    125.199093,
                    0.0
                ],
                [
                    173.221824,
                    125.127696,
                    0.0
                ],
                [
                    173.164581,
                    125.127696,
                    0.0
                ],
                [
                    173.164581,
                    125.013209,
                    0.0
                ],
                [
                    173.111954,
                    125.013209,
                    0.0
                ],
                [
                    173.089056,
                    124.92162,
                    0.0
                ],
                [
                    170.537743,
                    124.92162,
                    0.0
                ]
            ],
            "id": "Vertex_0001",
            "perimeter": 15.46,
            "type": 1,
            "vertex_color": "#20b2aa",
            "vertex_size": 7,
            "x": 173.178094,
            "y": 125.769224,
            "z": 0.0
        },
        "Vertex_0005": {
            "area": 28.49,
            "compactness": 0.46,