{
    "properties": {
        "area": 81.75,
        "bedrooms": 1,
        "compactness": 0.42,
        "net_area": 70.15,
        "perimeter": 49.32,
        "unit_type_0": 1,
        "unit_type_1": 0,
        "unit_type_2": 0,
        "unit_type_3": 0
    },
    "vertices": {
        "Vertex_0000": {
            "area": 1.8,
            "compactness": 0.67,
            "geometry": [
                [
                    129.959726,
                    124.887644,
                    0.0
                ],
                [
                    129.959726,
                    125.117541,
                    0.0
                ],
                [
                    130.860155,
                    125.117541,
                    0.0
                ],
                [
                    130.860155,
                    124.887644,
                    0.0
                ]
            ],
            "id": "Vertex_0010",
            "perimeter": 5.8,
            "type": 5,
            "vertex_color": "#ff0000",
            "vertex_size": 7,
            "x": 130.40994,
            "y": 125.002593,
            "z": 0.0
        },
        "Vertex_0001": {
            "area": 13.16,
            "compactness": 0.78,
            "geometry": [
                [
                    130.898471,
                    129.025787,
                    0.0
                ],
                [
                    130.898471,
                    125.079225,
                    0.0
                ],
                [
                    127.564967,
                    125.079225,
                    0.0
                ],
                [
                    127.564967,
                    129.025787,
                    0.0
                ]
            ],
            "id": "Vertex_0004",
            "perimeter": 14.56,
            "type": 1,
            "vertex_color": "#20b2aa",
            "vertex_size": 7,
            "x": 129.231719,
            "y": 127.052506,
            "z": 0.0
        },
        "Vertex_0002": {
            "area": 7.97,
            "compactness": 0.74,
            "geometry": [
                [
                    131.74142,
                    128.087048,
                    0.0
                ],
                [
                    131.74142,
                    128.125364,
                    0.0
                ],
                [
                    133.101655,
                    128.125364,
                    0.0
                ],
                [
                    133.101655,
                    128.087048,
                    0.0
                ],
                [
                    133.695555,
                    128.087048,
                    0.0
                ],
                [
                    133.695555,
                    125.117535,
                    0.0
                ],
                [
                    132.871758,
                    125.117535,
                    0.0
                ],
                [
                    132.871758,
                    124.925972,
                    0.0
                ],
                [
                    131.913843,
                    124.925972,
                    0.0
                ],
                [
                    131.913843,
                    125.117535,
                    0.0
                ],
                [
                    131.090046,
                    125.117535,
                    0.0
                ],
                [
                    131.090046,
                    128.087048,
                    0.0
                ]
            ],
            "id": "Vertex_0007",
            "perimeter": 11.61,
            "type": 3,
            "vertex_color": "#4682b4",
            "vertex_size": 7,
            "x": 132.402379,
            "y": 126.57675,
            "z": 0.0
        },
        "Vertex_0003": {
            "area": 1.65,
            "compactness": 0.65,
            "geometry": [
                [
                    131.224158,
                    123.623211,
                    0.0
                ],
                [
                    131.224158,
                    123.853108,
                    0.0
                ],
                [
                    132.047955,
                    123.853108,
                    0.0
                ],
                [
                    132.047955,
                    123.623211,
                    0.0
                ]
            ],
            "id": "Vertex_0002",
            "perimeter": 5.65,
            "type": 5,
            "vertex_color": "#ff0000",
            "vertex_size": 7,
            "x": 131.636057,
            "y": 123.73816,
            "z": 0.0
        },
        "Vertex_0004": {
            "area": 12.22,
            "compactness": 0.79,
            "geometry": [
                [
                    123.944091,
                    126.880083,
                    0.0
                ],
                [
                    127.411702,
                    126.880083,
                    0.0
                ],
                [
                    127.411702,
                    123.354998,
                    0.0
                ],
                [
                    123.944091,
                    123.354998,
                    0.0
                ]
            ],
            "id": "Vertex_0009",
            "perimeter": 13.99,
            "type": 1,
            "vertex_color": "#20b2aa",
            "vertex_size": 7,
            "x": 125.677897,
            "y": 125.117541,
            "z": 0.0
        },
        "Vertex_0005": {
            "area": 2.07,
            "compactness": 0.71,
            "geometry": [
                [
                    123.982408,
                    124.121321,
                    0.0
                ],
                [
                    123.752511,
                    124.121321,
                    0.0
                ],
                [
                    123.752511,
                    125.155857,
                    0.0
                ],
                [
                    123.982408,
                    125.155857,
                    0.0
                ]
            ],
            "id": "Vertex_0005",
            "perimeter": 6.07,
            "type": 5,
            "vertex_color": "#ff0000",
            "vertex_size": 7,
            "x": 123.867459,
            "y": 124.638589,
            "z": 0.0
        },
        "Vertex_0006": {
            "area": 2.07,
            "compactness": 0.71,
            "geometry": [
                [
                    127.603283,
                    123.853108,
                    0.0
                ],
                [
                    127.373386,
                    123.853108,
                    0.0
                ],
                [
                    127.373386,
                    124.887644,
                    0.0
                ],
                [
                    127.392544,
                    124.887644,
                    0.0
                ],
                [
                    127.603283,
                    124.887644,
                    0.0
                ]
            ],
            "id": "Vertex_0000",
            "perimeter": 6.07,
            "type": 5,
            "vertex_color": "#ff0000",
            "vertex_size": 7,
            "x": 127.469176,
            "y": 124.47383,
            "z": 0.0
        },
        "Vertex_0007": {
            "area": 2.38,
            "compactness": 0.73,