{
    "properties": {
        "area": 56.67,
        "bedrooms": 0,
        "compactness": 0.52,
        "net_area": 50.07,
        "perimeter": 37.16,
        "unit_type_0": 1,
        "unit_type_1": 0,
        "unit_type_2": 0,
        "unit_type_3": 0
    },
    "vertices": {
        "Vertex_0000": {
            "area": 1.72,
            "compactness": 0.66,
            "geometry": [
                [
                    92.482632,
                    127.113854,
                    0.0
                ],
                [
                    92.297685,
                    127.113854,
                    0.0
                ],
                [
                    92.297685,
                    127.972536,
                    0.0
                ],
                [
                    92.482632,
                    127.972536,
                    0.0
                ]
            ],
            "id": "Vertex_0004",
            "perimeter": 5.72,
            "type": 5,
            "vertex_color": "#ff0000",
            "vertex_size": 7,
            "x": 92.390159,
            "y": 127.543195,
            "z": 0.0
        },
        "Vertex_0001": {
            "area": 13.86,
            "compactness": 0.75,
            "geometry": [
                [
                    92.446671,
                    129.104969,
                    0.0
                ],
                [
                    94.183117,
                    129.104969,
                    0.0
                ],
                [
                    94.183117,
                    128.774707,
                    0.0
                ],
                [
                    96.13827,
                    128.774707,
                    0.0
                ],
                [
                    96.13827,
                    125.175581,
                    0.0
                ],
                [
                    92.446671,
                    125.175581,
                    0.0
                ]
            ],
            "id": "Vertex_0008",
            "perimeter": 15.24,
            "type": 1,
            "vertex_color": "#20b2aa",
            "vertex_size": 7,
            "x": 94.256019,
            "y": 127.685086,
            "z": 0.0
        },
        "Vertex_0002": {
            "area": 1.9,
            "compactness": 0.69,
            "geometry": [
                [
                    92.482632,
                    125.026596,
                    0.0
                ],
                [
                    92.482632,
                    125.211543,
                    0.0
                ],
                [
                    93.433788,
                    125.211543,
                    0.0
                ],
                [
                    93.433788,
                    125.026596,
                    0.0
                ]
            ],
            "id": "Vertex_0001",
            "perimeter": 5.9,
            "type": 5,
            "vertex_color": "#ff0000",
            "vertex_size": 7,
            "x": 92.95821,
            "y": 125.119069,
            "z": 0.0
        },
        "Vertex_0003": {
            "area": 24.19,
            "compactness": 0.38,
            "geometry": [
                [
                    93.252511,
                    123.899095,
                    0.0
                ],
                [
                    93.252511,
                    123.947005,
                    0.0
                ],
                [
                    90.993516,
                    123.947005,
                    0.0
                ],
                [
                    90.993516,
                    125.445662,
                    0.0
                ],
                [
                    92.333647,
                    125.445662,
                    0.0
                ],
                [
                    92.333647,
                    125.062558,
                    0.0
                ],
                [
                    96.251293,
                    125.062558,
                    0.0
                ],
                [
                    96.251293,
                    126.119397,
                    0.0
                ],
                [
                    99.956103,
                    126.119397,
                    0.0
                ],
                [
                    99.956103,
                    121.397379,
                    0.0
                ],
                [
                    96.180485,
                    121.397379,
                    0.0
                ],
                [
                    96.180485,
                    123.899095,
                    0.0
                ]
            ],
            "id": "Vertex_0007",
            "perimeter": 28.14,
            "type": 0,
            "vertex_color": "#8b8b83",
            "vertex_size": 7,
            "x": 94.827926,
            "y": 124.311849,
            "z": 0.0
        },
        "Vertex_0004": {
            "area": 1.74,
            "compactness": 0.66,
            "geometry": [
                [
                    91.425793,
                    125.4097,
                    0.0
                ],
                [
                    91.425793,
                    125.594647,
                    0.0
                ],
                [
                    92.297685,
                    125.594647,
                    0.0
                ],
                [
                    92.297685,
                    125.4097,
                    0.0
                ]
            ],
            "id": "Vertex_0002",
            "perimeter": 5.74,
            "type": 5,
            "vertex_color": "#ff0000",
            "vertex_size": 7,
            "x": 91.861739,
            "y": 125.502174,
            "z": 0.0
        },
        "Vertex_0005": {
            "area": 3.0,
            "compactness": 0.75,
            "geometry": [
                [
                    92.333647,
                    126.964869,
                    0.0
                ],
                [
                    92.333647,
                    125.558685,
                    0.0
                ],
                [
                    90.200886,
                    125.558685,
                    0.0
                ],
                [
                    90.200886,
                    126.964869,
                    0.0
                ]
            ],
            "id": "Vertex_0000",
            "perimeter": 7.08,
            "type": 2,
            "vertex_color": "#ff8c00",
            "vertex_size": 7,
            "x": 91.267267,
            "y": 126.261777,
            "z": 0.0
        },
        "Vertex_0006": {
            "area": 7.32,
            "compactness": 0.78,
            "geometry": [
                [
                    93.252511,
                    123.899095,
                    0.0
                ],
                [
                    96.180485,
                    123.899095,
                    0.0
                ],
                [
                    96.180485,
                    121.397379,
                    0.0
                ],
                [
                    93.252511,
                    121.397379,
                    0.0
                ]
            ],
            "id": "Vertex_0003",
            "perimeter": 10.86,
            "type": 3,
            "vertex_color": "#4682b4",
            "vertex_size": 7,
            "x": 94.716498,
            "y": 122.648237,
            "z": 0.0
        },
        "Vertex_0007": {
            "area": 1.74,
            "compactness": 0.66,