{
    "properties": {
        "area": 89.84,
        "bedrooms": 1,
        "compactness": 0.56,
        "net_area": 80.02,
        "perimeter": 44.74,
        "unit_type_0": 1,
        "unit_type_1": 0,
        "unit_type_2": 0,
        "unit_type_3": 0
    },
    "vertices": {
        "Vertex_0000": {
            "area": 3.45,
            "compactness": 0.75,
            "geometry": [
                [
                    135.323932,
                    135.590553,
                    0.0
                ],
                [
                    135.323932,
                    137.875315,
                    0.0
                ],
                [
                    136.834666,
                    137.875315,
                    0.0
                ],
                [
                    136.834666,
                    135.590553,
                    0.0
                ]
            ],
            "id": "Vertex_0002",
            "perimeter": 7.59,
            "type": 2,
            "vertex_color": "#ff8c00",
            "vertex_size": 7,
            "x": 136.079299,
            "y": 136.732934,
            "z": 0.0
        },
        "Vertex_0001": {
            "area": 28.91,
            "compactness": 0.61,
            "geometry": [
                [
                    131.117894,
                    140.197399,
                    0.0
                ],
                [
                    131.117894,
                    140.362098,
                    0.0
                ],
                [
                    132.793327,
                    140.362098,
                    0.0
                ],
                [
                    132.793327,
                    140.197408,
                    0.0
                ],
                [
                    133.947076,
                    140.197408,
                    0.0
                ],
                [
                    133.947076,
                    140.362098,
                    0.0
                ],
                [
                    134.764917,
                    140.362098,
                    0.0
                ],
                [
                    134.764917,
                    140.401859,
                    0.0
                ],
                [
                    136.834666,
                    140.401859,
                    0.0
                ],
                [
                    136.834666,
                    138.000263,
                    0.0
                ],
                [
                    135.198984,
                    138.000263,
                    0.0
                ],
                [
                    135.198984,
                    136.247747,
                    0.0
                ],
                [
                    129.00027,
                    136.247747,
                    0.0
                ],
                [
                    129.00027,
                    140.197399,
                    0.0
                ]
            ],
            "id": "Vertex_0003",
            "perimeter": 24.31,
            "type": 0,
            "vertex_color": "#8b8b83",
            "vertex_size": 7,
            "x": 133.379591,
            "y": 139.395553,
            "z": 0.0
        },
        "Vertex_0002": {
            "area": 11.3,
            "compactness": 0.75,
            "geometry": [
                [
                    132.121529,
                    143.414406,
                    0.0
                ],
                [
                    132.121529,
                    143.454163,
                    0.0
                ],
                [
                    133.65499,
                    143.454163,
                    0.0
                ],
                [
                    133.65499,
                    143.414406,
                    0.0
                ],
                [
                    134.764917,
                    143.414406,
                    0.0
                ],
                [
                    134.764917,
                    143.326781,
                    0.0
                ],
                [
                    134.804673,
                    143.326781,
                    0.0
                ],
                [
                    134.804673,
                    142.246053,
                    0.0
                ],
                [
                    134.764917,
                    142.246053,
                    0.0
                ],
                [
                    134.764917,
                    140.362098,
                    0.0
                ],
                [
                    133.947076,
                    140.362098,
                    0.0
                ],
                [
                    133.947076,
                    140.197408,
                    0.0
                ],
                [
                    132.793327,
                    140.197408,
                    0.0
                ],
                [
                    132.793327,
                    140.362098,
                    0.0
                ],
                [
                    131.157645,
                    140.362098,
                    0.0
                ],
                [
                    131.157645,
                    143.414406,
                    0.0
                ]
            ],
            "id": "Vertex_0001",
            "perimeter": 13.81,
            "type": 3,
            "vertex_color": "#4682b4",
            "vertex_size": 7,
            "x": 133.501134,
            "y": 142.097177,
            "z": 0.0
        },
        "Vertex_0003": {
            "area": 2.13,
            "compactness": 0.71,
            "geometry": [
                [
                    136.99937,
                    139.295989,
                    0.0
                ],
                [
                    136.79491,
                    139.295989,
                    0.0
                ],
                [
                    136.79491,
                    140.362103,
                    0.0
                ],
                [
                    136.99937,
                    140.362103,
                    0.0
                ]
            ],
            "id": "Vertex_0005",
            "perimeter": 6.13,
            "type": 5,
            "vertex_color": "#ff0000",
            "vertex_size": 7,
            "x": 136.89714,
            "y": 139.829046,
            "z": 0.0
        },
        "Vertex_0004": {
            "area": 1.78,
            "compactness": 0.67,
            "geometry": [
                [
                    134.969372,
                    140.362103,
                    0.0
                ],
                [
                    134.969372,
                    140.566563,
                    0.0
                ],
                [
                    135.860235,
                    140.566563,
                    0.0
                ],
                [
                    135.860235,
                    140.362103,
                    0.0
                ]
            ],
            "id": "Vertex_0006",
            "perimeter": 5.78,
            "type": 5,
            "vertex_color": "#ff0000",
            "vertex_size": 7,
            "x": 135.414804,
            "y": 140.464333,
            "z": 0.0
        },
        "Vertex_0005": {
            "area": 2.51,
            "compactness": 0.74,
            "geometry": [
                [
                    129.040026,
                    136.083042,
                    0.0
                ],
                [
                    129.040026,
                    136.287503,
                    0.0
                ],
                [
                    130.295996,
                    136.287503,
                    0.0
                ],
                [
                    130.295996,
                    136.083042,
                    0.0
                ]
            ],