{
    "properties": {
        "area": 92.72,
        "bedrooms": 1,
        "compactness": 0.53,
        "net_area": 80.49,
        "perimeter": 46.7,
        "unit_type_0": 1,
        "unit_type_1": 0,
        "unit_type_2": 0,
        "unit_type_3": 0
    },
    "vertices": {
        "Vertex_0000": {
            "area": 2.19,
            "compactness": 0.72,
            "geometry": [
                [
                    127.051061,
                    120.344134,
                    0.0
                ],
                [
                    127.051061,
                    120.579004,
                    0.0
                ],
                [
                    128.14712,
                    120.579004,
                    0.0
                ],
                [
                    128.14712,
                    120.344134,
                    0.0
                ]
            ],
            "id": "Vertex_0012",
            "perimeter": 6.19,
            "type": 6,
            "vertex_color": "#a52a2a",
            "vertex_size": 7,
            "x": 127.59909,
            "y": 120.461569,
            "z": 0.0
        },
        "Vertex_0001": {
            "area": 1.76,
            "compactness": 0.67,
            "geometry": [
                [
                    135.780381,
                    122.144801,
                    0.0
                ],
                [
                    135.545512,
                    122.144801,
                    0.0
                ],
                [
                    135.545512,
                    123.025562,
                    0.0
                ],
                [
                    135.780381,
                    123.025562,
                    0.0
                ]
            ],
            "id": "Vertex_0009",
            "perimeter": 5.76,
            "type": 5,
            "vertex_color": "#ff0000",
            "vertex_size": 7,
            "x": 135.662946,
            "y": 122.585181,
            "z": 0.0
        },
        "Vertex_0002": {
            "area": 30.46,
            "compactness": 0.47,
            "geometry": [
                [
                    130.789397,
                    126.020149,
                    0.0
                ],
                [
                    130.789397,
                    124.493492,
                    0.0
                ],
                [
                    131.670158,
                    124.493492,
                    0.0
                ],
                [
                    131.670158,
                    124.297782,
                    0.0
                ],
                [
                    132.707509,
                    124.297782,
                    0.0
                ],
                [
                    132.707509,
                    124.493492,
                    0.0
                ],
                [
                    133.568693,
                    124.493492,
                    0.0
                ],
                [
                    133.568693,
                    124.297772,
                    0.0
                ],
                [
                    135.584656,
                    124.297772,
                    0.0
                ],
                [
                    135.584656,
                    123.221287,
                    0.0
                ],
                [
                    132.374772,
                    123.221287,
                    0.0
                ],
                [
                    132.374772,
                    120.539859,
                    0.0
                ],
                [
                    127.011917,
                    120.539859,
                    0.0
                ],
                [
                    127.011917,
                    126.020149,
                    0.0
                ]
            ],
            "id": "Vertex_0000",
            "perimeter": 28.5,
            "type": 0,
            "vertex_color": "#8b8b83",
            "vertex_size": 7,
            "x": 131.958157,
            "y": 123.909119,
            "z": 0.0
        },
        "Vertex_0003": {
            "area": 9.27,
            "compactness": 0.74,
            "geometry": [
                [
                    131.298281,
                    127.781676,
                    0.0
                ],
                [
                    131.298281,
                    127.820821,
                    0.0
                ],
                [
                    132.707509,
                    127.820821,
                    0.0
                ],
                [
                    132.707509,
                    127.781676,
                    0.0
                ],
                [
                    133.529553,
                    127.781676,
                    0.0
                ],
                [
                    133.529553,
                    124.493492,
                    0.0
                ],
                [
                    132.707509,
                    124.493492,
                    0.0
                ],
                [
                    132.707509,
                    124.297782,
                    0.0
                ],
                [
                    131.670158,
                    124.297782,
                    0.0
                ],
                [
                    131.670158,
                    124.493492,
                    0.0
                ],
                [
                    130.789397,
                    124.493492,
                    0.0
                ],
                [
                    130.789397,
                    127.781676,
                    0.0
                ]
            ],
            "id": "Vertex_0002",
            "perimeter": 12.53,
            "type": 3,
            "vertex_color": "#4682b4",
            "vertex_size": 7,
            "x": 132.117068,
            "y": 126.11149,
            "z": 0.0
        },
        "Vertex_0004": {
            "area": 3.66,
            "compactness": 0.73,
            "geometry": [
                [
                    133.979714,
                    120.539859,
                    0.0
                ],
                [
                    132.531352,
                    120.539859,
                    0.0
                ],
                [
                    132.531352,
                    123.064707,
                    0.0
                ],
                [
                    133.979714,
                    123.064707,
                    0.0
                ]
            ],
            "id": "Vertex_0007",
            "perimeter": 7.95,
            "type": 2,
            "vertex_color": "#ff8c00",
            "vertex_size": 7,
            "x": 133.255533,
            "y": 121.802283,
            "z": 0.0
        },
        "Vertex_0005": {
            "area": 3.66,
            "compactness": 0.73,
            "geometry": [
                [
                    134.136294,
                    120.539859,
                    0.0
                ],
                [
                    134.136294,
                    123.064707,
                    0.0
                ],
                [
                    135.584656,
                    123.064707,
                    0.0
                ],
                [
                    135.584656,
                    120.539859,
                    0.0
                ]
            ],
            "id": "Vertex_0001",
            "perimeter": 7.95,
            "type": 2,
            "vertex_color": "#ff8c00",
            "vertex_size": 7,
            "x": 134.860475,
            "y": 121.802283,
            "z": 0.0
        },
        "Vertex_0006": {
            "area": 1.82,
            "compactness": 0.68,