{
    "properties": {
        "area": 101.26,
        "bedrooms": 1,
        "compactness": 0.74,
        "net_area": 91.24,
        "perimeter": 41.41,
        "unit_type_0": 1,
        "unit_type_1": 0,
        "unit_type_2": 0,
        "unit_type_3": 0
    },
    "vertices": {
        "Vertex_0000": {
            "area": 1.97,
            "compactness": 0.69,
            "geometry": [
                [
                    127.411891,
                    134.70307,
                    0.0
                ],
                [
                    127.411891,
                    134.918492,
                    0.0
                ],
                [
                    128.396677,
                    134.918492,
                    0.0
                ],
                [
                    128.396677,
                    134.70307,
                    0.0
                ]
            ],
            "id": "Vertex_0000",
            "perimeter": 5.97,
            "type": 5,
            "vertex_color": "#ff0000",
            "vertex_size": 7,
            "x": 127.904284,
            "y": 134.810781,
            "z": 0.0
        },
        "Vertex_0001": {
            "area": 2.06,
            "compactness": 0.71,
            "geometry": [
                [
                    127.011823,
                    136.211022,
                    0.0
                ],
                [
                    126.796401,
                    136.211022,
                    0.0
                ],
                [
                    126.796401,
                    137.241969,
                    0.0
                ],
                [
                    127.011823,
                    137.241969,
                    0.0
                ]
            ],
            "id": "Vertex_0003",
            "perimeter": 6.06,
            "type": 5,
            "vertex_color": "#ff0000",
            "vertex_size": 7,
            "x": 126.904112,
            "y": 136.726496,
            "z": 0.0
        },
        "Vertex_0002": {
            "area": 2.06,
            "compactness": 0.71,
            "geometry": [
                [
                    130.504732,
                    139.873192,
                    0.0
                ],
                [
                    129.473785,
                    139.873192,
                    0.0
                ],
                [
                    129.473785,
                    140.088614,
                    0.0
                ],
                [
                    130.504732,
                    140.088614,
                    0.0
                ]
            ],
            "id": "Vertex_0001",
            "perimeter": 6.06,
            "type": 5,
            "vertex_color": "#ff0000",
            "vertex_size": 7,
            "x": 129.989259,
            "y": 139.980903,
            "z": 0.0
        },
        "Vertex_0003": {
            "area": 2.43,
            "compactness": 0.74,
            "geometry": [
                [
                    133.151342,
                    132.102622,
                    0.0
                ],
                [
                    133.151342,
                    132.318044,
                    0.0
                ],
                [
                    134.366936,
                    132.318044,
                    0.0
                ],
                [
                    134.366936,
                    132.102622,
                    0.0
                ]
            ],
            "id": "Vertex_0002",
            "perimeter": 6.43,
            "type": 6,
            "vertex_color": "#a52a2a",
            "vertex_size": 7,
            "x": 133.759139,
            "y": 132.210333,
            "z": 0.0
        },
        "Vertex_0004": {
            "area": 2.15,
            "compactness": 0.71,
            "geometry": [
                [
                    127.011823,
                    134.918492,
                    0.0
                ],
                [
                    126.796401,
                    134.918492,
                    0.0
                ],
                [
                    126.796401,
                    135.995601,
                    0.0
                ],
                [
                    127.011823,
                    135.995601,
                    0.0
                ]
            ],
            "id": "Vertex_0004",
            "perimeter": 6.15,
            "type": 5,
            "vertex_color": "#ff0000",
            "vertex_size": 7,
            "x": 126.904112,
            "y": 135.457046,
            "z": 0.0
        },
        "Vertex_0005": {
            "area": 2.03,
            "compactness": 0.7,
            "geometry": [
                [
                    127.011823,
                    137.903622,
                    0.0
                ],
                [
                    126.796401,
                    137.903622,
                    0.0
                ],
                [
                    126.796401,
                    138.919181,
                    0.0
                ],
                [
                    127.011823,
                    138.919181,
                    0.0
                ]
            ],
            "id": "Vertex_0005",
            "perimeter": 6.03,
            "type": 5,
            "vertex_color": "#ff0000",
            "vertex_size": 7,
            "x": 126.904112,
            "y": 138.411402,
            "z": 0.0
        },
        "Vertex_0006": {
            "area": 17.03,
            "compactness": 0.78,
            "geometry": [
                [
                    126.838288,
                    139.915079,
                    0.0
                ],
                [
                    126.838288,
                    136.169135,
                    0.0
                ],
                [
                    122.292206,
                    136.169135,
                    0.0
                ],
                [
                    122.292206,
                    139.915079,
                    0.0
                ]
            ],
            "id": "Vertex_0007",
            "perimeter": 16.58,
            "type": 1,
            "vertex_color": "#20b2aa",
            "vertex_size": 7,
            "x": 124.565247,
            "y": 138.042107,
            "z": 0.0
        },
        "Vertex_0007": {
            "area": 39.85,
            "compactness": 0.54,
            "geometry": [
                [
                    128.570211,
                    134.876604,
                    0.0
                ],
                [
                    126.969935,
                    134.876604,
                    0.0
                ],
                [
                    126.969935,
                    137.391174,
                    0.0
                ],
                [
                    128.600985,
                    137.406562,
                    0.0
                ],
                [
                    128.600985,
                    139.915079,
                    0.0
                ],
                [
                    131.504914,
                    139.915079,
                    0.0
                ],
                [
                    131.504914,
                    136.595699,
                    0.0
                ],
                [
                    134.624245,
                    136.595699,
                    0.0
                ],
                [
                    134.624245,
                    132.276156,
                    0.0
                ],
                [
                    128.570211,
                    132.276156,
                    0.0
                ]
            ],
            "id": "Vertex_0009",
            "perimeter": 30.57,
            "type": 0,
            "vertex_color": "#8b8b83",
            "vertex_size": 7,
            "x": 130.054058,
            "y": 136.212482,
            "z": 0.0
        },