{
    "properties": {
        "area": 139.82,
        "bedrooms": 2,
        "compactness": 0.53,
        "net_area": 126.86,
        "perimeter": 57.33,
        "unit_type_0": 1,
        "unit_type_1": 0,
        "unit_type_2": 0,
        "unit_type_3": 0
    },
    "vertices": {
        "Vertex_0000": {
            "area": 1.95,
            "compactness": 0.69,
            "geometry": [
                [
                    142.984681,
                    137.279939,
                    0.0
                ],
                [
                    142.789216,
                    137.279939,
                    0.0
                ],
                [
                    142.789216,
                    138.257263,
                    0.0
                ],
                [
                    142.984681,
                    138.257263,
                    0.0
                ]
            ],
            "id": "Vertex_0003",
            "perimeter": 5.95,
            "type": 5,
            "vertex_color": "#ff0000",
            "vertex_size": 7,
            "x": 142.886949,
            "y": 137.768601,
            "z": 0.0
        },
        "Vertex_0001": {
            "area": 16.7,
            "compactness": 0.78,
            "geometry": [
                [
                    142.821794,
                    137.247362,
                    0.0
                ],
                [
                    138.244661,
                    137.247362,
                    0.0
                ],
                [
                    138.244661,
                    140.896037,
                    0.0
                ],
                [
                    142.821794,
                    140.896037,
                    0.0
                ]
            ],
            "id": "Vertex_0005",
            "perimeter": 16.45,
            "type": 1,
            "vertex_color": "#20b2aa",
            "vertex_size": 7,
            "x": 140.533227,
            "y": 139.071699,
            "z": 0.0
        },
        "Vertex_0002": {
            "area": 16.85,
            "compactness": 0.78,
            "geometry": [
                [
                    142.821794,
                    141.026347,
                    0.0
                ],
                [
                    138.244661,
                    141.026347,
                    0.0
                ],
                [
                    138.244661,
                    144.7076,
                    0.0
                ],
                [
                    142.821794,
                    144.7076,
                    0.0
                ]
            ],
            "id": "Vertex_0012",
            "perimeter": 16.52,
            "type": 1,
            "vertex_color": "#20b2aa",
            "vertex_size": 7,
            "x": 140.533227,
            "y": 142.866973,
            "z": 0.0
        },
        "Vertex_0003": {
            "area": 1.95,
            "compactness": 0.69,
            "geometry": [
                [
                    148.392539,
                    140.293354,
                    0.0
                ],
                [
                    148.392539,
                    140.488819,
                    0.0
                ],
                [
                    149.369863,
                    140.488819,
                    0.0
                ],
                [
                    149.369863,
                    140.293354,
                    0.0
                ]
            ],
            "id": "Vertex_0009",
            "perimeter": 5.95,
            "type": 5,
            "vertex_color": "#ff0000",
            "vertex_size": 7,
            "x": 148.881201,
            "y": 140.391086,
            "z": 0.0
        },
        "Vertex_0004": {
            "area": 18.07,
            "compactness": 0.79,
            "geometry": [
                [
                    151.145334,
                    144.7076,
                    0.0
                ],
                [
                    151.145334,
                    140.456241,
                    0.0
                ],
                [
                    146.893976,
                    140.456241,
                    0.0
                ],
                [
                    146.893976,
                    144.7076,
                    0.0
                ]
            ],
            "id": "Vertex_0014",
            "perimeter": 17.01,
            "type": 1,
            "vertex_color": "#20b2aa",
            "vertex_size": 7,
            "x": 149.019655,
            "y": 142.581921,
            "z": 0.0
        },
        "Vertex_0005": {
            "area": 53.33,
            "compactness": 0.5,
            "geometry": [
                [
                    146.871986,
                    133.663841,
                    0.0
                ],
                [
                    138.244661,
                    133.663841,
                    0.0
                ],
                [
                    138.244661,
                    137.117052,
                    0.0
                ],
                [
                    142.952104,
                    137.117052,
                    0.0
                ],
                [
                    142.952104,
                    142.166558,
                    0.0
                ],
                [
                    146.763666,
                    142.166558,
                    0.0
                ],
                [
                    146.763666,
                    140.325932,
                    0.0
                ],
                [
                    148.083053,
                    140.325932,
                    0.0
                ],
                [
                    148.083053,
                    137.073235,
                    0.0
                ],
                [
                    146.871986,
                    137.073235,
                    0.0
                ]
            ],
            "id": "Vertex_0006",
            "perimeter": 36.68,
            "type": 0,
            "vertex_color": "#8b8b83",
            "vertex_size": 7,
            "x": 144.583094,
            "y": 138.069324,
            "z": 0.0
        },
        "Vertex_0006": {
            "area": 4.3,
            "compactness": 0.7,
            "geometry": [
                [
                    148.213363,
                    138.859946,
                    0.0
                ],
                [
                    148.213363,
                    140.325932,
                    0.0
                ],
                [
                    151.145334,
                    140.325932,
                    0.0
                ],
                [
                    151.145334,
                    138.859946,
                    0.0
                ]
            ],
            "id": "Vertex_0007",
            "perimeter": 8.8,
            "type": 2,
            "vertex_color": "#ff8c00",
            "vertex_size": 7,
            "x": 149.679349,
            "y": 139.592939,
            "z": 0.0
        },
        "Vertex_0007": {
            "area": 9.85,
            "compactness": 0.78,
            "geometry": [
                [
                    146.871986,
                    133.663841,
                    0.0
                ],
                [
                    146.871986,
                    137.073235,
                    0.0
                ],
                [
                    149.760792,
                    137.073235,
                    0.0
                ],
                [
                    149.760792,
                    133.663841,
                    0.0
                ]
            ],
            "id": "Vertex_0015",
            "perimeter": 12.6,
            "type": 3,
            "vertex_color": "#4682b4",
            "vertex_size": 7,
            "x": 148.316389,
            "y": 135.368538,
            "z": 0.0
        },