{
    "properties": {
        "area": 79.25,
        "bedrooms": 1,
        "compactness": 0.62,
        "net_area": 68.49,
        "perimeter": 40.11,
        "unit_type_0": 1,
        "unit_type_1": 0,
        "unit_type_2": 0,
        "unit_type_3": 0
    },
    "vertices": {
        "Vertex_0000": {
            "area": 2.98,
            "compactness": 0.73,
            "geometry": [
                [
                    146.81097,
                    138.259162,
                    0.0
                ],
                [
                    146.81097,
                    135.99604,
                    0.0
                ],
                [
                    145.494499,
                    135.99604,
                    0.0
                ],
                [
                    145.494499,
                    138.259162,
                    0.0
                ]
            ],
            "id": "Vertex_0009",
            "perimeter": 7.16,
            "type": 2,
            "vertex_color": "#ff8c00",
            "vertex_size": 7,
            "x": 146.152735,
            "y": 137.127601,
            "z": 0.0
        },
        "Vertex_0001": {
            "area": 13.25,
            "compactness": 0.78,
            "geometry": [
                [
                    146.964829,
                    137.29237,
                    0.0
                ],
                [
                    150.758706,
                    137.29237,
                    0.0
                ],
                [
                    150.758706,
                    133.800616,
                    0.0
                ],
                [
                    146.964829,
                    133.800616,
                    0.0
                ]
            ],
            "id": "Vertex_0006",
            "perimeter": 14.57,
            "type": 1,
            "vertex_color": "#20b2aa",
            "vertex_size": 7,
            "x": 148.861767,
            "y": 135.546493,
            "z": 0.0
        },
        "Vertex_0002": {
            "area": 2.01,
            "compactness": 0.7,
            "geometry": [
                [
                    147.905046,
                    130.16871,
                    0.0
                ],
                [
                    147.905046,
                    130.390267,
                    0.0
                ],
                [
                    148.912121,
                    130.390267,
                    0.0
                ],
                [
                    148.912121,
                    130.16871,
                    0.0
                ]
            ],
            "id": "Vertex_0007",
            "perimeter": 6.01,
            "type": 5,
            "vertex_color": "#ff0000",
            "vertex_size": 7,
            "x": 148.408584,
            "y": 130.279489,
            "z": 0.0
        },
        "Vertex_0003": {
            "area": 29.33,
            "compactness": 0.44,
            "geometry": [
                [
                    142.674688,
                    135.808341,
                    0.0
                ],
                [
                    145.306796,
                    135.808341,
                    0.0
                ],
                [
                    145.306796,
                    135.842181,
                    0.0
                ],
                [
                    146.81097,
                    135.842181,
                    0.0
                ],
                [
                    146.81097,
                    133.646757,
                    0.0
                ],
                [
                    150.758706,
                    133.646757,
                    0.0
                ],
                [
                    150.758706,
                    129.490333,
                    0.0
                ],
                [
                    149.260961,
                    129.490333,
                    0.0
                ],
                [
                    149.260961,
                    130.356418,
                    0.0
                ],
                [
                    144.870112,
                    130.356418,
                    0.0
                ],
                [
                    144.870112,
                    133.800616,
                    0.0
                ],
                [
                    142.674688,
                    133.800616,
                    0.0
                ]
            ],
            "id": "Vertex_0000",
            "perimeter": 28.87,
            "type": 0,
            "vertex_color": "#8b8b83",
            "vertex_size": 7,
            "x": 146.613705,
            "y": 133.157441,
            "z": 0.0
        },
        "Vertex_0004": {
            "area": 1.97,
            "compactness": 0.7,
            "geometry": [
                [
                    146.998678,
                    133.995597,
                    0.0
                ],
                [
                    146.777121,
                    133.995597,
                    0.0
                ],
                [
                    146.777121,
                    134.982531,
                    0.0
                ],
                [
                    146.998678,
                    134.982531,
                    0.0
                ]
            ],
            "id": "Vertex_0003",
            "perimeter": 5.97,
            "type": 5,
            "vertex_color": "#ff0000",
            "vertex_size": 7,
            "x": 146.8879,
            "y": 134.489064,
            "z": 0.0
        },
        "Vertex_0005": {
            "area": 6.31,
            "compactness": 0.78,
            "geometry": [
                [
                    142.708532,
                    135.808341,
                    0.0
                ],
                [
                    142.708532,
                    138.225318,
                    0.0
                ],
                [
                    143.554476,
                    138.225318,
                    0.0
                ],
                [
                    143.554476,
                    138.259167,
                    0.0
                ],
                [
                    144.480994,
                    138.259167,
                    0.0
                ],
                [
                    144.480994,
                    138.225318,
                    0.0
                ],
                [
                    145.306796,
                    138.225318,
                    0.0
                ],
                [
                    145.306796,
                    135.808341,
                    0.0
                ]
            ],
            "id": "Vertex_0005",
            "perimeter": 10.1,
            "type": 3,
            "vertex_color": "#4682b4",
            "vertex_size": 7,
            "x": 144.012699,
            "y": 137.629536,
            "z": 0.0
        },
        "Vertex_0006": {
            "area": 3.44,
            "compactness": 0.75,
            "geometry": [
                [
                    149.199174,
                    127.738022,
                    0.0
                ],
                [
                    149.262271,
                    129.336474,
                    0.0
                ],
                [
                    150.758706,
                    129.336474,
                    0.0
                ],
                [
                    150.758706,
                    127.073352,
                    0.0
                ],
                [
                    149.260961,
                    127.073352,
                    0.0
                ],
                [
                    149.260961,
                    127.738022,
                    0.0
                ]
            ],
            "id": "Vertex_0004",
            "perimeter": 7.58,
            "type": 2,
            "vertex_color": "#ff8c00",