{
    "properties": {
        "area": 102.66,
        "bedrooms": 1,
        "compactness": 0.58,
        "net_area": 91.35,
        "perimeter": 47.15,
        "unit_type_0": 1,
        "unit_type_1": 0,
        "unit_type_2": 0,
        "unit_type_3": 0
    },
    "vertices": {
        "Vertex_0000": {
            "area": 39.06,
            "compactness": 0.46,
            "geometry": [
                [
                    145.233194,
                    125.81673,
                    0.0
                ],
                [
                    145.233194,
                    125.986343,
                    0.0
                ],
                [
                    142.909433,
                    125.986343,
                    0.0
                ],
                [
                    142.909433,
                    123.018036,
                    0.0
                ],
                [
                    138.974306,
                    123.018036,
                    0.0
                ],
                [
                    138.974306,
                    128.547568,
                    0.0
                ],
                [
                    143.045127,
                    128.547568,
                    0.0
                ],
                [
                    143.045127,
                    130.854367,
                    0.0
                ],
                [
                    144.707379,
                    130.854367,
                    0.0
                ],
                [
                    144.707379,
                    129.243,
                    0.0
                ],
                [
                    147.387337,
                    129.243,
                    0.0
                ],
                [
                    147.387337,
                    125.986335,
                    0.0
                ],
                [
                    146.01343,
                    125.986335,
                    0.0
                ],
                [
                    146.01343,
                    125.81673,
                    0.0
                ]
            ],
            "id": "Vertex_0005",
            "perimeter": 32.84,
            "type": 0,
            "vertex_color": "#8b8b83",
            "vertex_size": 7,
            "x": 144.038601,
            "y": 127.064626,
            "z": 0.0
        },
        "Vertex_0001": {
            "area": 10.12,
            "compactness": 0.75,
            "geometry": [
                [
                    146.01343,
                    125.81673,
                    0.0
                ],
                [
                    146.01343,
                    125.986335,
                    0.0
                ],
                [
                    147.353417,
                    125.986335,
                    0.0
                ],
                [
                    147.353417,
                    125.850653,
                    0.0
                ],
                [
                    148.591625,
                    125.850653,
                    0.0
                ],
                [
                    148.591625,
                    125.81673,
                    0.0
                ],
                [
                    148.812128,
                    125.81673,
                    0.0
                ],
                [
                    148.812128,
                    125.223068,
                    0.0
                ],
                [
                    148.846052,
                    125.223068,
                    0.0
                ],
                [
                    148.846052,
                    123.815234,
                    0.0
                ],
                [
                    148.812128,
                    123.815234,
                    0.0
                ],
                [
                    148.812128,
                    123.051955,
                    0.0
                ],
                [
                    145.267113,
                    123.051955,
                    0.0
                ],
                [
                    145.267113,
                    125.81673,
                    0.0
                ]
            ],
            "id": "Vertex_0004",
            "perimeter": 13.03,
            "type": 3,
            "vertex_color": "#4682b4",
            "vertex_size": 7,
            "x": 147.670842,
            "y": 125.080101,
            "z": 0.0
        },
        "Vertex_0002": {
            "area": 1.9,
            "compactness": 0.69,
            "geometry": [
                [
                    143.079051,
                    128.835918,
                    0.0
                ],
                [
                    142.87551,
                    128.835918,
                    0.0
                ],
                [
                    142.87551,
                    129.785776,
                    0.0
                ],
                [
                    143.079051,
                    129.785776,
                    0.0
                ]
            ],
            "id": "Vertex_0006",
            "perimeter": 5.9,
            "type": 5,
            "vertex_color": "#ff0000",
            "vertex_size": 7,
            "x": 142.97728,
            "y": 129.310847,
            "z": 0.0
        },
        "Vertex_0003": {
            "area": 15.62,
            "compactness": 0.79,
            "geometry": [
                [
                    142.909433,
                    132.652313,
                    0.0
                ],
                [
                    142.909433,
                    128.683262,
                    0.0
                ],
                [
                    138.974306,
                    128.683262,
                    0.0
                ],
                [
                    138.974306,
                    132.652313,
                    0.0
                ]
            ],
            "id": "Vertex_0008",
            "perimeter": 15.81,
            "type": 1,
            "vertex_color": "#20b2aa",
            "vertex_size": 7,
            "x": 140.941869,
            "y": 130.667788,
            "z": 0.0
        },
        "Vertex_0004": {
            "area": 2.14,
            "compactness": 0.71,
            "geometry": [
                [
                    143.079051,
                    125.816726,
                    0.0
                ],
                [
                    143.079051,
                    126.020267,
                    0.0
                ],
                [
                    144.147641,
                    126.020267,
                    0.0
                ],
                [
                    144.147641,
                    125.816726,
                    0.0
                ]
            ],
            "id": "Vertex_0009",
            "perimeter": 6.14,
            "type": 5,
            "vertex_color": "#ff0000",
            "vertex_size": 7,
            "x": 143.613346,
            "y": 125.918496,
            "z": 0.0
        },
        "Vertex_0005": {
            "area": 17.65,
            "compactness": 0.78,
            "geometry": [
                [
                    144.843073,
                    133.788751,
                    0.0
                ],
                [
                    148.846048,
                    133.788751,
                    0.0
                ],
                [
                    148.846048,
                    129.378694,
                    0.0
                ],
                [
                    144.843073,
                    129.378694,
                    0.0
                ]
            ],
            "id": "Vertex_0003",
            "perimeter": 16.83,
            "type": 1,
            "vertex_color": "#20b2aa",
            "vertex_size": 7,
            "x": 146.84456,
            "y": 131.583722,
            "z": 0.0
        },