{
    "properties": {
        "area": 91.97,
        "bedrooms": 1,
        "compactness": 0.69,
        "net_area": 81.93,
        "perimeter": 41.06,
        "unit_type_0": 1,
        "unit_type_1": 0,
        "unit_type_2": 0,
        "unit_type_3": 0
    },
    "vertices": {
        "Vertex_0000": {
            "area": 2.08,
            "compactness": 0.71,
            "geometry": [
                [
                    100.680617,
                    134.256413,
                    0.0
                ],
                [
                    100.680617,
                    134.467183,
                    0.0
                ],
                [
                    101.719412,
                    134.467183,
                    0.0
                ],
                [
                    101.719412,
                    134.256413,
                    0.0
                ]
            ],
            "id": "Vertex_0007",
            "perimeter": 6.08,
            "type": 5,
            "vertex_color": "#ff0000",
            "vertex_size": 7,
            "x": 101.200014,
            "y": 134.361798,
            "z": 0.0
        },
        "Vertex_0001": {
            "area": 2.11,
            "compactness": 0.71,
            "geometry": [
                [
                    104.188431,
                    135.792022,
                    0.0
                ],
                [
                    104.188431,
                    136.002792,
                    0.0
                ],
                [
                    105.242281,
                    136.002792,
                    0.0
                ],
                [
                    105.242281,
                    135.792022,
                    0.0
                ]
            ],
            "id": "Vertex_0008",
            "perimeter": 6.11,
            "type": 5,
            "vertex_color": "#ff0000",
            "vertex_size": 7,
            "x": 104.715356,
            "y": 135.897407,
            "z": 0.0
        },
        "Vertex_0002": {
            "area": 9.77,
            "compactness": 0.7,
            "geometry": [
                [
                    105.453047,
                    134.467179,
                    0.0
                ],
                [
                    105.453047,
                    134.527399,
                    0.0
                ],
                [
                    105.242289,
                    134.527399,
                    0.0
                ],
                [
                    105.242289,
                    135.490926,
                    0.0
                ],
                [
                    105.453047,
                    135.490926,
                    0.0
                ],
                [
                    105.453047,
                    138.396541,
                    0.0
                ],
                [
                    106.130522,
                    138.396541,
                    0.0
                ],
                [
                    106.130522,
                    138.437524,
                    0.0
                ],
                [
                    107.15427,
                    138.437524,
                    0.0
                ],
                [
                    107.15427,
                    138.396541,
                    0.0
                ],
                [
                    107.87691,
                    138.396541,
                    0.0
                ],
                [
                    107.87691,
                    134.467179,
                    0.0
                ]
            ],
            "id": "Vertex_0002",
            "perimeter": 13.21,
            "type": 3,
            "vertex_color": "#4682b4",
            "vertex_size": 7,
            "x": 106.218348,
            "y": 136.619352,
            "z": 0.0
        },
        "Vertex_0003": {
            "area": 18.19,
            "compactness": 0.55,
            "geometry": [
                [
                    99.841719,
                    139.94302,
                    0.0
                ],
                [
                    103.7326,
                    139.94302,
                    0.0
                ],
                [
                    103.7326,
                    137.08257,
                    0.0
                ],
                [
                    105.283264,
                    137.08257,
                    0.0
                ],
                [
                    105.283264,
                    135.961809,
                    0.0
                ],
                [
                    103.977662,
                    135.961809,
                    0.0
                ],
                [
                    103.977662,
                    135.250042,
                    0.0
                ],
                [
                    103.94337,
                    135.250042,
                    0.0
                ],
                [
                    103.94337,
                    135.209059,
                    0.0
                ],
                [
                    102.702169,
                    135.209059,
                    0.0
                ],
                [
                    102.702169,
                    135.961809,
                    0.0
                ],
                [
                    99.841719,
                    135.961809,
                    0.0
                ]
            ],
            "id": "Vertex_0005",
            "perimeter": 20.35,
            "type": 1,
            "vertex_color": "#20b2aa",
            "vertex_size": 7,
            "x": 103.246797,
            "y": 136.568052,
            "z": 0.0
        },
        "Vertex_0004": {
            "area": 4.06,
            "compactness": 0.7,
            "geometry": [
                [
                    105.283264,
                    140.06346,
                    0.0
                ],
                [
                    105.283264,
                    137.211374,
                    0.0
                ],
                [
                    103.861403,
                    137.211374,
                    0.0
                ],
                [
                    103.861403,
                    140.06346,
                    0.0
                ]
            ],
            "id": "Vertex_0003",
            "perimeter": 8.55,
            "type": 2,
            "vertex_color": "#ff8c00",
            "vertex_size": 7,
            "x": 104.572334,
            "y": 138.637417,
            "z": 0.0
        },
        "Vertex_0005": {
            "area": 3.84,
            "compactness": 0.7,
            "geometry": [
                [
                    102.573365,
                    135.833005,
                    0.0
                ],
                [
                    102.573365,
                    134.426199,
                    0.0
                ],
                [
                    99.841719,
                    134.426199,
                    0.0
                ],
                [
                    99.841719,
                    135.833005,
                    0.0
                ]
            ],
            "id": "Vertex_0001",
            "perimeter": 8.28,
            "type": 2,
            "vertex_color": "#ff8c00",
            "vertex_size": 7,
            "x": 101.207542,
            "y": 135.129602,
            "z": 0.0
        },
        "Vertex_0006": {
            "area": 29.06,
            "compactness": 0.52,