{
    "properties": {
        "area": 71.54,
        "bedrooms": 1,
        "compactness": 0.61,
        "net_area": 63.98,
        "perimeter": 38.43,
        "unit_type_0": 1,
        "unit_type_1": 0,
        "unit_type_2": 0,
        "unit_type_3": 0
    },
    "vertices": {
        "Vertex_0000": {
            "area": 12.13,
            "compactness": 0.72,
            "geometry": [
                [
                    127.929981,
                    113.87339,
                    0.0
                ],
                [
                    131.913819,
                    113.87339,
                    0.0
                ],
                [
                    131.913819,
                    110.577173,
                    0.0
                ],
                [
                    128.629881,
                    110.577173,
                    0.0
                ],
                [
                    128.629881,
                    112.013811,
                    0.0
                ],
                [
                    127.929981,
                    112.013811,
                    0.0
                ]
            ],
            "id": "Vertex_0009",
            "perimeter": 14.56,
            "type": 1,
            "vertex_color": "#20b2aa",
            "vertex_size": 7,
            "x": 129.491227,
            "y": 112.154791,
            "z": 0.0
        },
        "Vertex_0001": {
            "area": 1.32,
            "compactness": 0.77,
            "geometry": [
                [
                    133.750205,
                    110.577173,
                    0.0
                ],
                [
                    133.750205,
                    111.908757,
                    0.0
                ],
                [
                    134.737978,
                    111.908757,
                    0.0
                ],
                [
                    134.737978,
                    110.577173,
                    0.0
                ]
            ],
            "id": "Vertex_0003",
            "perimeter": 4.64,
            "type": 2,
            "vertex_color": "#ff8c00",
            "vertex_size": 7,
            "x": 134.244092,
            "y": 111.242965,
            "z": 0.0
        },
        "Vertex_0002": {
            "area": 2.61,
            "compactness": 0.76,
            "geometry": [
                [
                    137.88139,
                    110.577173,
                    0.0
                ],
                [
                    135.92358,
                    110.577173,
                    0.0
                ],
                [
                    135.92358,
                    111.908757,
                    0.0
                ],
                [
                    137.88139,
                    111.908757,
                    0.0
                ]
            ],
            "id": "Vertex_0006",
            "perimeter": 6.58,
            "type": 2,
            "vertex_color": "#ff8c00",
            "vertex_size": 7,
            "x": 136.902485,
            "y": 111.242965,
            "z": 0.0
        },
        "Vertex_0003": {
            "area": 1.6,
            "compactness": 0.64,
            "geometry": [
                [
                    135.957006,
                    111.077199,
                    0.0
                ],
                [
                    135.7851,
                    111.077199,
                    0.0
                ],
                [
                    135.7851,
                    111.875331,
                    0.0
                ],
                [
                    135.957006,
                    111.875331,
                    0.0
                ]
            ],
            "id": "Vertex_0013",
            "perimeter": 5.6,
            "type": 5,
            "vertex_color": "#ff0000",
            "vertex_size": 7,
            "x": 135.871053,
            "y": 111.476265,
            "z": 0.0
        },
        "Vertex_0004": {
            "area": 1.6,
            "compactness": 0.64,
            "geometry": [
                [
                    132.052298,
                    111.077199,
                    0.0
                ],
                [
                    131.880393,
                    111.077199,
                    0.0
                ],
                [
                    131.880393,
                    111.875331,
                    0.0
                ],
                [
                    132.052298,
                    111.875331,
                    0.0
                ]
            ],
            "id": "Vertex_0004",
            "perimeter": 5.6,
            "type": 5,
            "vertex_color": "#ff0000",
            "vertex_size": 7,
            "x": 131.966346,
            "y": 111.476265,
            "z": 0.0
        },
        "Vertex_0005": {
            "area": 2.06,
            "compactness": 0.71,
            "geometry": [
                [
                    138.142659,
                    110.438694,
                    0.0
                ],
                [
                    138.142659,
                    110.610599,
                    0.0
                ],
                [
                    139.174091,
                    110.610599,
                    0.0
                ],
                [
                    139.174091,
                    110.438694,
                    0.0
                ]
            ],
            "id": "Vertex_0010",
            "perimeter": 6.06,
            "type": 6,
            "vertex_color": "#a52a2a",
            "vertex_size": 7,
            "x": 138.658375,
            "y": 110.524646,
            "z": 0.0
        },
        "Vertex_0006": {
            "area": 1.65,
            "compactness": 0.65,
            "geometry": [
                [
                    129.743855,
                    114.011869,
                    0.0
                ],
                [
                    129.57195,
                    114.011869,
                    0.0
                ],
                [
                    129.57195,
                    114.834559,
                    0.0
                ],
                [
                    129.743855,
                    114.834559,
                    0.0
                ]
            ],
            "id": "Vertex_0011",
            "perimeter": 5.65,
            "type": 5,
            "vertex_color": "#ff0000",
            "vertex_size": 7,
            "x": 129.657903,
            "y": 114.423214,
            "z": 0.0
        },
        "Vertex_0007": {
            "area": 3.36,
            "compactness": 0.77,
            "geometry": [
                [
                    133.645152,
                    111.908757,
                    0.0
                ],
                [
                    133.645152,
                    109.840436,
                    0.0
                ],
                [
                    132.018872,
                    109.840436,
                    0.0
                ],
                [
                    132.018872,
                    111.908757,
                    0.0
                ]
            ],
            "id": "Vertex_0012",
            "perimeter": 7.39,
            "type": 2,
            "vertex_color": "#ff8c00",
            "vertex_size": 7,
            "x": 132.832012,
            "y": 110.874597,
            "z": 0.0
        },
        "Vertex_0008": {
            "area": 1.62,
            "compactness": 0.64,