{
    "properties": {
        "area": 72.46,
        "bedrooms": 1,
        "compactness": 0.53,
        "net_area": 60.78,
        "perimeter": 41.31,
        "unit_type_0": 1,
        "unit_type_1": 0,
        "unit_type_2": 0,
        "unit_type_3": 0
    },
    "vertices": {
        "Vertex_0000": {
            "area": 14.42,
            "compactness": 0.77,
            "geometry": [
                [
                    126.352886,
                    135.047061,
                    0.0
                ],
                [
                    126.352886,
                    131.755449,
                    0.0
                ],
                [
                    121.970927,
                    131.755449,
                    0.0
                ],
                [
                    121.970927,
                    135.047061,
                    0.0
                ]
            ],
            "id": "Vertex_0005",
            "perimeter": 15.35,
            "type": 1,
            "vertex_color": "#20b2aa",
            "vertex_size": 7,
            "x": 124.161907,
            "y": 133.401255,
            "z": 0.0
        },
        "Vertex_0001": {
            "area": 1.65,
            "compactness": 0.65,
            "geometry": [
                [
                    120.757145,
                    123.567562,
                    0.0
                ],
                [
                    120.757145,
                    123.814433,
                    0.0
                ],
                [
                    121.580048,
                    123.814433,
                    0.0
                ],
                [
                    121.580048,
                    123.567562,
                    0.0
                ]
            ],
            "id": "Vertex_0006",
            "perimeter": 5.65,
            "type": 5,
            "vertex_color": "#ff0000",
            "vertex_size": 7,
            "x": 121.168597,
            "y": 123.690998,
            "z": 0.0
        },
        "Vertex_0002": {
            "area": 2.1,
            "compactness": 0.71,
            "geometry": [
                [
                    123.493298,
                    127.064901,
                    0.0
                ],
                [
                    123.246427,
                    127.064901,
                    0.0
                ],
                [
                    123.246427,
                    128.114102,
                    0.0
                ],
                [
                    123.493298,
                    128.114102,
                    0.0
                ]
            ],
            "id": "Vertex_0011",
            "perimeter": 6.1,
            "type": 5,
            "vertex_color": "#ff0000",
            "vertex_size": 7,
            "x": 123.369863,
            "y": 127.589501,
            "z": 0.0
        },
        "Vertex_0003": {
            "area": 1.73,
            "compactness": 0.66,
            "geometry": [
                [
                    122.012072,
                    134.141868,
                    0.0
                ],
                [
                    121.765201,
                    134.141868,
                    0.0
                ],
                [
                    121.765201,
                    135.005916,
                    0.0
                ],
                [
                    122.012072,
                    135.005916,
                    0.0
                ]
            ],
            "id": "Vertex_0009",
            "perimeter": 5.73,
            "type": 5,
            "vertex_color": "#ff0000",
            "vertex_size": 7,
            "x": 121.888637,
            "y": 134.573892,
            "z": 0.0
        },
        "Vertex_0004": {
            "area": 19.49,
            "compactness": 0.5,
            "geometry": [
                [
                    123.452153,
                    127.064891,
                    0.0
                ],
                [
                    123.452153,
                    128.319828,
                    0.0
                ],
                [
                    119.831379,
                    128.319828,
                    0.0
                ],
                [
                    119.831379,
                    131.590868,
                    0.0
                ],
                [
                    126.352886,
                    131.590868,
                    0.0
                ],
                [
                    126.352886,
                    130.130215,
                    0.0
                ],
                [
                    124.563072,
                    130.130215,
                    0.0
                ],
                [
                    124.563072,
                    127.064891,
                    0.0
                ]
            ],
            "id": "Vertex_0001",
            "perimeter": 22.09,
            "type": 0,
            "vertex_color": "#8b8b83",
            "vertex_size": 7,
            "x": 123.549873,
            "y": 129.27645,
            "z": 0.0
        },
        "Vertex_0005": {
            "area": 4.31,
            "compactness": 0.78,
            "geometry": [
                [
                    119.831379,
                    131.755449,
                    0.0
                ],
                [
                    119.831379,
                    133.936142,
                    0.0
                ],
                [
                    121.806347,
                    133.936142,
                    0.0
                ],
                [
                    121.806347,
                    131.755449,
                    0.0
                ]
            ],
            "id": "Vertex_0002",
            "perimeter": 8.31,
            "type": 2,
            "vertex_color": "#ff8c00",
            "vertex_size": 7,
            "x": 120.818863,
            "y": 132.845795,
            "z": 0.0
        },
        "Vertex_0006": {
            "area": 1.91,
            "compactness": 0.74,
            "geometry": [
                [
                    119.831379,
                    122.538933,
                    0.0
                ],
                [
                    119.831379,
                    123.608707,
                    0.0
                ],
                [
                    121.621193,
                    123.608707,
                    0.0
                ],
                [
                    121.621193,
                    122.538933,
                    0.0
                ]
            ],
            "id": "Vertex_0000",
            "perimeter": 5.72,
            "type": 2,
            "vertex_color": "#ff8c00",
            "vertex_size": 7,
            "x": 120.726286,
            "y": 123.07382,
            "z": 0.0
        },
        "Vertex_0007": {
            "area": 2.14,
            "compactness": 0.71,
            "geometry": [
                [
                    122.012072,
                    131.549723,
                    0.0
                ],
                [
                    122.012072,
                    131.796594,
                    0.0
                ],
                [
                    123.081846,
                    131.796594,
                    0.0
                ],
                [
                    123.081846,
                    131.549723,
                    0.0
                ]
            ],
            "id": "Vertex_0004",
            "perimeter": 6.14,
            "type": 5,
            "vertex_color": "#ff0000",
            "vertex_size": 7,
            "x": 122.546959,
            "y": 131.673158,
            "z": 0.0
        },
        "Vertex_0008": {
            "area": 15.14,
            "compactness": 0.77,