graph_idx,pred_label,pred_name,prob_0_Separati,prob_1_Separati,prob_2_Adherenc,prob_3_Adherenc,prob_4_Interloc
0,1,Separation with Plinth,3.129971446469426e-06,0.9999747276306152,1.4244201373969645e-08,1.7843405657913536e-05,4.2048454815812875e-06
