{
    "properties": {
        "area": 118.54,
        "bedrooms": 1,
        "compactness": 0.62,
        "net_area": 107.12,
        "perimeter": 49.14,
        "unit_type_0": 1,
        "unit_type_1": 0,
        "unit_type_2": 0,
        "unit_type_3": 0
    },
    "vertices": {
        "Vertex_0000": {
            "area": 44.42,
            "compactness": 0.5,
            "geometry": [
                [
                    128.693817,
                    128.475031,
                    0.0
                ],
                [
                    128.693812,
                    129.800327,
                    0.0
                ],
                [
                    124.902853,
                    129.800327,
                    0.0
                ],
                [
                    124.902853,
                    130.058017,
                    0.0
                ],
                [
                    124.902848,
                    131.924055,
                    0.0
                ],
                [
                    129.455777,
                    131.924055,
                    0.0
                ],
                [
                    129.455777,
                    131.856767,
                    0.0
                ],
                [
                    130.461724,
                    131.856767,
                    0.0
                ],
                [
                    135.558304,
                    131.856762,
                    0.0
                ],
                [
                    135.558304,
                    125.870669,
                    0.0
                ],
                [
                    130.527657,
                    125.870669,
                    0.0
                ],
                [
                    130.527657,
                    128.475031,
                    0.0
                ]
            ],
            "id": "Vertex_0000",
            "perimeter": 33.42,
            "type": 0,
            "vertex_color": "#8b8b83",
            "vertex_size": 7,
            "x": 129.470115,
            "y": 129.81404,
            "z": 0.0
        },
        "Vertex_0001": {
            "area": 4.04,
            "compactness": 0.76,
            "geometry": [
                [
                    129.587621,
                    134.430303,
                    0.0
                ],
                [
                    131.243386,
                    134.430303,
                    0.0
                ],
                [
                    131.243386,
                    131.988607,
                    0.0
                ],
                [
                    129.587621,
                    131.988607,
                    0.0
                ]
            ],
            "id": "Vertex_0001",
            "perimeter": 8.19,
            "type": 2,
            "vertex_color": "#ff8c00",
            "vertex_size": 7,
            "x": 130.415503,
            "y": 133.209455,
            "z": 0.0
        },
        "Vertex_0002": {
            "area": 4.21,
            "compactness": 0.76,
            "geometry": [
                [
                    130.395812,
                    128.343186,
                    0.0
                ],
                [
                    130.395812,
                    125.870669,
                    0.0
                ],
                [
                    128.693817,
                    125.870669,
                    0.0
                ],
                [
                    128.693817,
                    128.343186,
                    0.0
                ]
            ],
            "id": "Vertex_0002",
            "perimeter": 8.35,
            "type": 2,
            "vertex_color": "#ff8c00",
            "vertex_size": 7,
            "x": 129.544815,
            "y": 127.106927,
            "z": 0.0
        },
        "Vertex_0003": {
            "area": 17.59,
            "compactness": 0.78,
            "geometry": [
                [
                    129.455777,
                    131.924055,
                    0.0
                ],
                [
                    124.902848,
                    131.924055,
                    0.0
                ],
                [
                    124.902848,
                    132.215488,
                    0.0
                ],
                [
                    124.902853,
                    133.617826,
                    0.0
                ],
                [
                    124.902848,
                    134.727387,
                    0.0
                ],
                [
                    124.902853,
                    135.78642,
                    0.0
                ],
                [
                    129.455777,
                    135.78642,
                    0.0
                ]
            ],
            "id": "Vertex_0003",
            "perimeter": 16.83,
            "type": 3,
            "vertex_color": "#4682b4",
            "vertex_size": 7,
            "x": 126.203686,
            "y": 133.711664,
            "z": 0.0
        },
        "Vertex_0004": {
            "area": 2.22,
            "compactness": 0.72,
            "geometry": [
                [
                    128.735767,
                    128.516981,
                    0.0
                ],
                [
                    128.520021,
                    128.516981,
                    0.0
                ],
                [
                    128.520021,
                    129.626532,
                    0.0
                ],
                [
                    128.735767,
                    129.626532,
                    0.0
                ]
            ],
            "id": "Vertex_0009",
            "perimeter": 6.22,
            "type": 5,
            "vertex_color": "#ff0000",
            "vertex_size": 7,
            "x": 128.627894,
            "y": 129.071756,
            "z": 0.0
        },
        "Vertex_0005": {
            "area": 2.62,
            "compactness": 0.75,
            "geometry": [
                [
                    135.732099,
                    130.504926,
                    0.0
                ],
                [
                    135.516354,
                    130.504926,
                    0.0
                ],
                [
                    135.516354,
                    131.814812,
                    0.0
                ],
                [
                    135.716689,
                    131.814812,
                    0.0
                ],
                [
                    135.732099,
                    131.814812,
                    0.0
                ]
            ],
            "id": "Vertex_0005",
            "perimeter": 6.62,
            "type": 6,
            "vertex_color": "#a52a2a",
            "vertex_size": 7,
            "x": 135.642719,
            "y": 131.290857,
            "z": 0.0
        },
        "Vertex_0006": {
            "area": 1.91,
            "compactness": 0.69,
            "geometry": [
                [
                    129.629572,
                    131.814812,
                    0.0
                ],
                [
                    129.629572,
                    132.030558,
                    0.0
                ],
                [
                    130.585018,
                    132.030558,
                    0.0
                ],
                [
                    130.585018,
                    131.814812,
                    0.0
                ]
            ],
            "id": "Vertex_0007",
            "perimeter": 5.91,
            "type": 5,
            "vertex_color": "#ff0000",
            "vertex_size": 7,
            "x": 130.107295,
            "y": 131.922685,
            "z": 0.0
        },
        "Vertex_0007": {
            "area": 2.5,
            "compactness": 0.74,