{
    "properties": {
        "area": 113.16,
        "bedrooms": 1,
        "compactness": 0.71,
        "net_area": 103.2,
        "perimeter": 44.72,
        "unit_type_0": 1,
        "unit_type_1": 0,
        "unit_type_2": 0,
        "unit_type_3": 0
    },
    "vertices": {
        "Vertex_0000": {
            "area": 1.91,
            "compactness": 0.69,
            "geometry": [
                [
                    119.890399,
                    136.699495,
                    0.0
                ],
                [
                    119.890399,
                    136.898682,
                    0.0
                ],
                [
                    120.843653,
                    136.898682,
                    0.0
                ],
                [
                    120.843653,
                    136.699495,
                    0.0
                ]
            ],
            "id": "Vertex_0002",
            "perimeter": 5.91,
            "type": 5,
            "vertex_color": "#ff0000",
            "vertex_size": 7,
            "x": 120.367026,
            "y": 136.799089,
            "z": 0.0
        },
        "Vertex_0001": {
            "area": 45.54,
            "compactness": 0.49,
            "geometry": [
                [
                    118.912641,
                    136.859951,
                    0.0
                ],
                [
                    118.912641,
                    138.232132,
                    0.0
                ],
                [
                    121.117931,
                    138.232132,
                    0.0
                ],
                [
                    121.117931,
                    140.423195,
                    0.0
                ],
                [
                    125.339595,
                    140.423195,
                    0.0
                ],
                [
                    125.339595,
                    137.894625,
                    0.0
                ],
                [
                    125.140423,
                    137.894625,
                    0.0
                ],
                [
                    125.140423,
                    136.898677,
                    0.0
                ],
                [
                    128.650698,
                    136.898677,
                    0.0
                ],
                [
                    128.650698,
                    133.203437,
                    0.0
                ],
                [
                    121.117931,
                    133.203437,
                    0.0
                ],
                [
                    121.117931,
                    136.859951,
                    0.0
                ]
            ],
            "id": "Vertex_0010",
            "perimeter": 34.31,
            "type": 0,
            "vertex_color": "#8b8b83",
            "vertex_size": 7,
            "x": 123.37987,
            "y": 137.252003,
            "z": 0.0
        },
        "Vertex_0002": {
            "area": 2.28,
            "compactness": 0.73,
            "geometry": [
                [
                    128.811155,
                    133.455584,
                    0.0
                ],
                [
                    128.611967,
                    133.455584,
                    0.0
                ],
                [
                    128.611967,
                    134.593798,
                    0.0
                ],
                [
                    128.811155,
                    134.593798,
                    0.0
                ]
            ],
            "id": "Vertex_0007",
            "perimeter": 6.28,
            "type": 6,
            "vertex_color": "#a52a2a",
            "vertex_size": 7,
            "x": 128.711561,
            "y": 134.024691,
            "z": 0.0
        },
        "Vertex_0003": {
            "area": 19.1,
            "compactness": 0.76,
            "geometry": [
                [
                    115.782551,
                    142.016695,
                    0.0
                ],
                [
                    120.996206,
                    142.016695,
                    0.0
                ],
                [
                    120.996206,
                    138.353858,
                    0.0
                ],
                [
                    115.782551,
                    138.353858,
                    0.0
                ]
            ],
            "id": "Vertex_0008",
            "perimeter": 17.75,
            "type": 1,
            "vertex_color": "#20b2aa",
            "vertex_size": 7,
            "x": 118.389378,
            "y": 140.185277,
            "z": 0.0
        },
        "Vertex_0004": {
            "area": 1.88,
            "compactness": 0.68,
            "geometry": [
                [
                    118.951372,
                    136.898682,
                    0.0
                ],
                [
                    118.752184,
                    136.898682,
                    0.0
                ],
                [
                    118.752184,
                    137.837709,
                    0.0
                ],
                [
                    118.951372,
                    137.837709,
                    0.0
                ]
            ],
            "id": "Vertex_0004",
            "perimeter": 5.88,
            "type": 5,
            "vertex_color": "#ff0000",
            "vertex_size": 7,
            "x": 118.851778,
            "y": 137.368196,
            "z": 0.0
        },
        "Vertex_0005": {
            "area": 18.43,
            "compactness": 0.76,
            "geometry": [
                [
                    115.782551,
                    136.738226,
                    0.0
                ],
                [
                    120.996206,
                    136.738226,
                    0.0
                ],
                [
                    120.996206,
                    133.203437,
                    0.0
                ],
                [
                    115.782551,
                    133.203437,
                    0.0
                ]
            ],
            "id": "Vertex_0009",
            "perimeter": 17.5,
            "type": 1,
            "vertex_color": "#20b2aa",
            "vertex_size": 7,
            "x": 118.389378,
            "y": 134.970832,
            "z": 0.0
        },
        "Vertex_0006": {
            "area": 1.79,
            "compactness": 0.67,
            "geometry": [
                [
                    121.156662,
                    140.65479,
                    0.0
                ],
                [
                    120.957475,
                    140.65479,
                    0.0
                ],
                [
                    120.957475,
                    141.551134,
                    0.0
                ],
                [
                    121.156662,
                    141.551134,
                    0.0
                ]
            ],
            "id": "Vertex_0005",
            "perimeter": 5.79,
            "type": 5,
            "vertex_color": "#ff0000",
            "vertex_size": 7,
            "x": 121.057068,
            "y": 141.102962,
            "z": 0.0
        },
        "Vertex_0007": {
            "area": 11.68,
            "compactness": 0.74,