{
    "properties": {
        "area": 99.87,
        "bedrooms": 1,
        "compactness": 0.4,
        "net_area": 88.4,
        "perimeter": 55.81,
        "unit_type_0": 1,
        "unit_type_1": 0,
        "unit_type_2": 0,
        "unit_type_3": 0
    },
    "vertices": {
        "Vertex_0000": {
            "area": 37.6,
            "compactness": 0.49,
            "geometry": [
                [
                    127.089174,
                    125.553454,
                    0.0
                ],
                [
                    127.089174,
                    127.047432,
                    0.0
                ],
                [
                    125.412606,
                    127.047432,
                    0.0
                ],
                [
                    125.412606,
                    127.213411,
                    0.0
                ],
                [
                    124.40002,
                    127.213411,
                    0.0
                ],
                [
                    119.967903,
                    127.213423,
                    0.0
                ],
                [
                    119.967903,
                    128.740594,
                    0.0
                ],
                [
                    122.690252,
                    128.740594,
                    0.0
                ],
                [
                    122.690252,
                    131.413143,
                    0.0
                ],
                [
                    129.59572,
                    131.413143,
                    0.0
                ],
                [
                    129.59572,
                    125.553454,
                    0.0
                ]
            ],
            "id": "Vertex_0000",
            "perimeter": 30.98,
            "type": 0,
            "vertex_color": "#8b8b83",
            "vertex_size": 7,
            "x": 124.90103,
            "y": 127.922681,
            "z": 0.0
        },
        "Vertex_0001": {
            "area": 4.53,
            "compactness": 0.76,
            "geometry": [
                [
                    117.49455,
                    125.321059,
                    0.0
                ],
                [
                    114.921599,
                    125.321059,
                    0.0
                ],
                [
                    114.921599,
                    127.080625,
                    0.0
                ],
                [
                    117.49455,
                    127.080625,
                    0.0
                ]
            ],
            "id": "Vertex_0001",
            "perimeter": 8.67,
            "type": 2,
            "vertex_color": "#ff8c00",
            "vertex_size": 7,
            "x": 116.208075,
            "y": 126.200842,
            "z": 0.0
        },
        "Vertex_0002": {
            "area": 1.93,
            "compactness": 0.69,
            "geometry": [
                [
                    120.001103,
                    127.37942,
                    0.0
                ],
                [
                    119.801906,
                    127.37942,
                    0.0
                ],
                [
                    119.801906,
                    128.342201,
                    0.0
                ],
                [
                    120.001103,
                    128.342201,
                    0.0
                ]
            ],
            "id": "Vertex_0007",
            "perimeter": 5.93,
            "type": 5,
            "vertex_color": "#ff0000",
            "vertex_size": 7,
            "x": 119.901504,
            "y": 127.86081,
            "z": 0.0
        },
        "Vertex_0003": {
            "area": 1.91,
            "compactness": 0.69,
            "geometry": [
                [
                    128.512591,
                    131.379944,
                    0.0
                ],
                [
                    127.558109,
                    131.379944,
                    0.0
                ],
                [
                    127.558109,
                    131.57914,
                    0.0
                ],
                [
                    128.512591,
                    131.57914,
                    0.0
                ]
            ],
            "id": "Vertex_0010",
            "perimeter": 5.91,
            "type": 5,
            "vertex_color": "#ff0000",
            "vertex_size": 7,
            "x": 128.03535,
            "y": 131.479542,
            "z": 0.0
        },
        "Vertex_0004": {
            "area": 1.83,
            "compactness": 0.68,
            "geometry": [
                [
                    121.611272,
                    128.707394,
                    0.0
                ],
                [
                    121.611272,
                    128.906591,
                    0.0
                ],
                [
                    122.524255,
                    128.906591,
                    0.0
                ],
                [
                    122.524255,
                    128.707394,
                    0.0
                ]
            ],
            "id": "Vertex_0005",
            "perimeter": 5.83,
            "type": 5,
            "vertex_color": "#ff0000",
            "vertex_size": 7,
            "x": 122.067763,
            "y": 128.806992,
            "z": 0.0
        },
        "Vertex_0005": {
            "area": 12.5,
            "compactness": 0.79,
            "geometry": [
                [
                    122.557454,
                    132.425724,
                    0.0
                ],
                [
                    122.557454,
                    128.873391,
                    0.0
                ],
                [
                    119.038321,
                    128.873391,
                    0.0
                ],
                [
                    119.038321,
                    132.425724,
                    0.0
                ]
            ],
            "id": "Vertex_0004",
            "perimeter": 14.14,
            "type": 1,
            "vertex_color": "#20b2aa",
            "vertex_size": 7,
            "x": 120.797887,
            "y": 130.649557,
            "z": 0.0
        },
        "Vertex_0006": {
            "area": 1.89,
            "compactness": 0.68,
            "geometry": [
                [
                    120.615291,
                    127.047426,
                    0.0
                ],
                [
                    120.615291,
                    127.246622,
                    0.0
                ],
                [
                    121.561473,
                    127.246622,
                    0.0
                ],
                [
                    121.561473,
                    127.047426,
                    0.0
                ]
            ],
            "id": "Vertex_0006",
            "perimeter": 5.89,
            "type": 5,
            "vertex_color": "#ff0000",
            "vertex_size": 7,
            "x": 121.088382,
            "y": 127.147024,
            "z": 0.0
        },
        "Vertex_0007": {
            "area": 2.36,
            "compactness": 0.73,
            "geometry": [
                [
                    129.761717,
                    125.586654,
                    0.0
                ],
                [
                    129.562521,
                    125.586654,
                    0.0
                ],
                [
                    129.562521,
                    126.765231,
                    0.0
                ],
                [
                    129.761717,
                    126.765231,
                    0.0
                ]
            ],
            "id": "Vertex_0012",
            "perimeter": 6.36,
            "type": 6,
            "vertex_color": "#a52a2a",