{
    "properties": {
        "area": 96.71,
        "bedrooms": 1,
        "compactness": 0.37,
        "net_area": 83.97,
        "perimeter": 57.56,
        "unit_type_0": 1,
        "unit_type_1": 0,
        "unit_type_2": 0,
        "unit_type_3": 0
    },
    "vertices": {
        "Vertex_0000": {
            "area": 37.71,
            "compactness": 0.4,
            "geometry": [
                [
                    121.327778,
                    128.118582,
                    0.0
                ],
                [
                    121.327778,
                    133.449232,
                    0.0
                ],
                [
                    123.782442,
                    133.449232,
                    0.0
                ],
                [
                    123.782442,
                    135.757349,
                    0.0
                ],
                [
                    125.39446,
                    135.757349,
                    0.0
                ],
                [
                    125.39446,
                    133.760651,
                    0.0
                ],
                [
                    125.009768,
                    133.760651,
                    0.0
                ],
                [
                    125.009768,
                    131.690667,
                    0.0
                ],
                [
                    127.849124,
                    131.690667,
                    0.0
                ],
                [
                    127.849124,
                    129.785555,
                    0.0
                ],
                [
                    130.450335,
                    129.785555,
                    0.0
                ],
                [
                    130.450335,
                    128.118582,
                    0.0
                ]
            ],
            "id": "Vertex_0001",
            "perimeter": 34.29,
            "type": 0,
            "vertex_color": "#8b8b83",
            "vertex_size": 7,
            "x": 125.635651,
            "y": 132.093673,
            "z": 0.0
        },
        "Vertex_0001": {
            "area": 5.88,
            "compactness": 0.77,
            "geometry": [
                [
                    125.009768,
                    131.690667,
                    0.0
                ],
                [
                    125.009768,
                    133.760651,
                    0.0
                ],
                [
                    127.84913,
                    133.760651,
                    0.0
                ],
                [
                    127.84913,
                    131.690667,
                    0.0
                ]
            ],
            "id": "Vertex_0002",
            "perimeter": 9.82,
            "type": 3,
            "vertex_color": "#4682b4",
            "vertex_size": 7,
            "x": 126.429449,
            "y": 132.725659,
            "z": 0.0
        },
        "Vertex_0002": {
            "area": 3.87,
            "compactness": 0.75,
            "geometry": [
                [
                    130.450335,
                    131.507483,
                    0.0
                ],
                [
                    130.450335,
                    129.932102,
                    0.0
                ],
                [
                    127.995671,
                    129.932102,
                    0.0
                ],
                [
                    127.995671,
                    131.507483,
                    0.0
                ]
            ],
            "id": "Vertex_0007",
            "perimeter": 8.06,
            "type": 2,
            "vertex_color": "#ff8c00",
            "vertex_size": 7,
            "x": 129.223003,
            "y": 130.719793,
            "z": 0.0
        },
        "Vertex_0003": {
            "area": 18.38,
            "compactness": 0.56,
            "geometry": [
                [
                    130.596882,
                    129.254322,
                    0.0
                ],
                [
                    132.410402,
                    129.254322,
                    0.0
                ],
                [
                    132.410402,
                    131.89217,
                    0.0
                ],
                [
                    136.605313,
                    131.89217,
                    0.0
                ],
                [
                    136.605313,
                    129.602371,
                    0.0
                ],
                [
                    136.935044,
                    129.602371,
                    0.0
                ],
                [
                    136.935044,
                    128.118582,
                    0.0
                ],
                [
                    130.596882,
                    128.118582,
                    0.0
                ]
            ],
            "id": "Vertex_0003",
            "perimeter": 20.22,
            "type": 1,
            "vertex_color": "#20b2aa",
            "vertex_size": 7,
            "x": 134.13691,
            "y": 129.716861,
            "z": 0.0
        },
        "Vertex_0004": {
            "area": 1.65,
            "compactness": 0.65,
            "geometry": [
                [
                    129.589371,
                    129.748918,
                    0.0
                ],
                [
                    129.589371,
                    129.968739,
                    0.0
                ],
                [
                    130.413698,
                    129.968739,
                    0.0
                ],
                [
                    130.413698,
                    129.748918,
                    0.0
                ]
            ],
            "id": "Vertex_0008",
            "perimeter": 5.65,
            "type": 5,
            "vertex_color": "#ff0000",
            "vertex_size": 7,
            "x": 130.001534,
            "y": 129.858829,
            "z": 0.0
        },
        "Vertex_0005": {
            "area": 4.15,
            "compactness": 0.75,
            "geometry": [
                [
                    132.263855,
                    131.89217,
                    0.0
                ],
                [
                    132.263855,
                    129.400869,
                    0.0
                ],
                [
                    130.596882,
                    129.400869,
                    0.0
                ],
                [
                    130.596882,
                    131.89217,
                    0.0
                ]
            ],
            "id": "Vertex_0000",
            "perimeter": 8.32,
            "type": 2,
            "vertex_color": "#ff8c00",
            "vertex_size": 7,
            "x": 131.430368,
            "y": 130.646519,
            "z": 0.0
        },
        "Vertex_0006": {
            "area": 1.83,
            "compactness": 0.68,
            "geometry": [
                [
                    128.032308,
                    127.935398,
                    0.0
                ],
                [
                    128.032308,
                    128.1369,
                    0.0
                ],
                [
                    128.032308,
                    128.155219,
                    0.0
                ],
                [
                    128.948227,
                    128.155219,
                    0.0
                ],
                [
                    128.948227,
                    127.935398,
                    0.0
                ]
            ],
            "id": "Vertex_0004",
            "perimeter": 5.83,
            "type": 5,
            "vertex_color": "#ff0000",
            "vertex_size": 7,
            "x": 128.398675,
            "y": 128.063627,
            "z": 0.0
        },