{
    "properties": {
        "area": 58.06,
        "bedrooms": 0,
        "compactness": 0.6,
        "net_area": 51.77,
        "perimeter": 34.85,
        "unit_type_0": 1,
        "unit_type_1": 0,
        "unit_type_2": 0,
        "unit_type_3": 0
    },
    "vertices": {
        "Vertex_0000": {
            "area": 1.97,
            "compactness": 0.69,
            "geometry": [
                [
                    128.824545,
                    132.677237,
                    0.0
                ],
                [
                    128.824545,
                    132.86759,
                    0.0
                ],
                [
                    129.809903,
                    132.86759,
                    0.0
                ],
                [
                    129.809903,
                    132.677237,
                    0.0
                ]
            ],
            "id": "Vertex_0004",
            "perimeter": 5.97,
            "type": 5,
            "vertex_color": "#ff0000",
            "vertex_size": 7,
            "x": 129.317224,
            "y": 132.772413,
            "z": 0.0
        },
        "Vertex_0001": {
            "area": 2.58,
            "compactness": 0.75,
            "geometry": [
                [
                    126.226782,
                    130.583351,
                    0.0
                ],
                [
                    126.226782,
                    130.773704,
                    0.0
                ],
                [
                    127.514466,
                    130.773704,
                    0.0
                ],
                [
                    127.514466,
                    130.583351,
                    0.0
                ]
            ],
            "id": "Vertex_0001",
            "perimeter": 6.58,
            "type": 6,
            "vertex_color": "#a52a2a",
            "vertex_size": 7,
            "x": 126.870624,
            "y": 130.678527,
            "z": 0.0
        },
        "Vertex_0002": {
            "area": 3.62,
            "compactness": 0.78,
            "geometry": [
                [
                    128.040582,
                    132.722181,
                    0.0
                ],
                [
                    129.854847,
                    132.722181,
                    0.0
                ],
                [
                    129.854847,
                    130.728759,
                    0.0
                ],
                [
                    128.040582,
                    130.728759,
                    0.0
                ]
            ],
            "id": "Vertex_0002",
            "perimeter": 7.62,
            "type": 2,
            "vertex_color": "#ff8c00",
            "vertex_size": 7,
            "x": 128.947714,
            "y": 131.72547,
            "z": 0.0
        },
        "Vertex_0003": {
            "area": 14.3,
            "compactness": 0.78,
            "geometry": [
                [
                    131.153417,
                    137.357843,
                    0.0
                ],
                [
                    134.56889,
                    137.357843,
                    0.0
                ],
                [
                    134.56889,
                    133.16976,
                    0.0
                ],
                [
                    131.153417,
                    133.16976,
                    0.0
                ]
            ],
            "id": "Vertex_0003",
            "perimeter": 15.21,
            "type": 1,
            "vertex_color": "#20b2aa",
            "vertex_size": 7,
            "x": 132.861154,
            "y": 135.263802,
            "z": 0.0
        },
        "Vertex_0004": {
            "area": 1.77,
            "compactness": 0.67,
            "geometry": [
                [
                    130.000256,
                    133.024351,
                    0.0
                ],
                [
                    130.000256,
                    133.214705,
                    0.0
                ],
                [
                    130.884839,
                    133.214705,
                    0.0
                ],
                [
                    130.884839,
                    133.024351,
                    0.0
                ]
            ],
            "id": "Vertex_0000",
            "perimeter": 5.77,
            "type": 5,
            "vertex_color": "#ff0000",
            "vertex_size": 7,
            "x": 130.442547,
            "y": 133.119528,
            "z": 0.0
        },
        "Vertex_0005": {
            "area": 8.64,
            "compactness": 0.76,
            "geometry": [
                [
                    128.49982,
                    137.312902,
                    0.0
                ],
                [
                    128.49982,
                    137.357847,
                    0.0
                ],
                [
                    130.425755,
                    137.357847,
                    0.0
                ],
                [
                    130.425755,
                    137.312902,
                    0.0
                ],
                [
                    131.008013,
                    137.312902,
                    0.0
                ],
                [
                    131.008013,
                    134.47999,
                    0.0
                ],
                [
                    129.529975,
                    134.47999,
                    0.0
                ],
                [
                    129.529975,
                    134.289649,
                    0.0
                ],
                [
                    128.085522,
                    134.289649,
                    0.0
                ],
                [
                    128.085522,
                    137.312902,
                    0.0
                ]
            ],
            "id": "Vertex_0006",
            "perimeter": 11.98,
            "type": 3,
            "vertex_color": "#4682b4",
            "vertex_size": 7,
            "x": 129.509817,
            "y": 136.150658,
            "z": 0.0
        },
        "Vertex_0006": {
            "area": 1.96,
            "compactness": 0.78,
            "geometry": [
                [
                    129.955311,
                    133.069296,
                    0.0
                ],
                [
                    131.467251,
                    133.069296,
                    0.0
                ],
                [
                    131.467251,
                    131.770104,
                    0.0
                ],
                [
                    129.955311,
                    131.770104,
                    0.0
                ]
            ],
            "id": "Vertex_0008",
            "perimeter": 5.62,
            "type": 2,
            "vertex_color": "#ff8c00",
            "vertex_size": 7,
            "x": 130.711281,
            "y": 132.4197,
            "z": 0.0
        },
        "Vertex_0007": {
            "area": 23.24,
            "compactness": 0.49,