{
    "properties": {
        "area": 75.9,
        "bedrooms": 1,
        "compactness": 0.58,
        "net_area": 67.16,
        "perimeter": 40.42,
        "unit_type_0": 1,
        "unit_type_1": 0,
        "unit_type_2": 0,
        "unit_type_3": 0
    },
    "vertices": {
        "Vertex_0000": {
            "area": 30.43,
            "compactness": 0.38,
            "geometry": [
                [
                    122.968959,
                    138.101194,
                    0.0
                ],
                [
                    122.968959,
                    139.586769,
                    0.0
                ],
                [
                    121.497533,
                    139.586769,
                    0.0
                ],
                [
                    121.497533,
                    143.356512,
                    0.0
                ],
                [
                    124.418376,
                    143.356512,
                    0.0
                ],
                [
                    124.418376,
                    140.272176,
                    0.0
                ],
                [
                    125.624911,
                    140.272176,
                    0.0
                ],
                [
                    125.624911,
                    139.059354,
                    0.0
                ],
                [
                    125.426845,
                    139.059354,
                    0.0
                ],
                [
                    125.426845,
                    138.139706,
                    0.0
                ],
                [
                    128.0262,
                    138.139706,
                    0.0
                ],
                [
                    128.0262,
                    137.980147,
                    0.0
                ],
                [
                    128.394056,
                    137.980147,
                    0.0
                ],
                [
                    128.394056,
                    134.564112,
                    0.0
                ],
                [
                    124.214012,
                    134.564112,
                    0.0
                ],
                [
                    124.214012,
                    138.101194,
                    0.0
                ]
            ],
            "id": "Vertex_0000",
            "perimeter": 31.77,
            "type": 0,
            "vertex_color": "#8b8b83",
            "vertex_size": 7,
            "x": 125.071361,
            "y": 138.882496,
            "z": 0.0
        },
        "Vertex_0001": {
            "area": 2.65,
            "compactness": 0.77,
            "geometry": [
                [
                    121.376486,
                    143.356512,
                    0.0
                ],
                [
                    121.376486,
                    141.454348,
                    0.0
                ],
                [
                    119.983662,
                    141.454348,
                    0.0
                ],
                [
                    119.983662,
                    143.356512,
                    0.0
                ]
            ],
            "id": "Vertex_0002",
            "perimeter": 6.59,
            "type": 2,
            "vertex_color": "#ff8c00",
            "vertex_size": 7,
            "x": 120.680074,
            "y": 142.40543,
            "z": 0.0
        },
        "Vertex_0002": {
            "area": 1.73,
            "compactness": 0.66,
            "geometry": [
                [
                    124.577938,
                    140.431738,
                    0.0
                ],
                [
                    124.379861,
                    140.431738,
                    0.0
                ],
                [
                    124.379861,
                    141.294786,
                    0.0
                ],
                [
                    124.577938,
                    141.294786,
                    0.0
                ]
            ],
            "id": "Vertex_0006",
            "perimeter": 5.73,
            "type": 5,
            "vertex_color": "#ff0000",
            "vertex_size": 7,
            "x": 124.4789,
            "y": 140.863262,
            "z": 0.0
        },
        "Vertex_0003": {
            "area": 1.87,
            "compactness": 0.68,
            "geometry": [
                [
                    123.12066,
                    137.941633,
                    0.0
                ],
                [
                    123.12066,
                    138.139709,
                    0.0
                ],
                [
                    124.05445,
                    138.139709,
                    0.0
                ],
                [
                    124.05445,
                    137.941633,
                    0.0
                ]
            ],
            "id": "Vertex_0007",
            "perimeter": 5.87,
            "type": 5,
            "vertex_color": "#ff0000",
            "vertex_size": 7,
            "x": 123.587555,
            "y": 138.040671,
            "z": 0.0
        },
        "Vertex_0004": {
            "area": 1.77,
            "compactness": 0.67,
            "geometry": [
                [
                    121.536048,
                    140.873873,
                    0.0
                ],
                [
                    121.536048,
                    139.989603,
                    0.0
                ],
                [
                    121.337971,
                    139.989603,
                    0.0
                ],
                [
                    121.337971,
                    140.873873,
                    0.0
                ]
            ],
            "id": "Vertex_0010",
            "perimeter": 5.77,
            "type": 5,
            "vertex_color": "#ff0000",
            "vertex_size": 7,
            "x": 121.437009,
            "y": 140.431738,
            "z": 0.0
        },
        "Vertex_0005": {
            "area": 1.75,
            "compactness": 0.67,
            "geometry": [
                [
                    121.932201,
                    137.941633,
                    0.0
                ],
                [
                    121.932201,
                    138.139709,
                    0.0
                ],
                [
                    122.809397,
                    138.139709,
                    0.0
                ],
                [
                    122.809397,
                    137.941633,
                    0.0
                ]
            ],
            "id": "Vertex_0008",
            "perimeter": 5.75,
            "type": 5,
            "vertex_color": "#ff0000",
            "vertex_size": 7,
            "x": 122.370799,
            "y": 138.040671,
            "z": 0.0
        },
        "Vertex_0006": {
            "area": 1.78,
            "compactness": 0.67,
            "geometry": [
                [
                    121.536048,
                    141.492863,
                    0.0
                ],
                [
                    121.337971,
                    141.492863,
                    0.0
                ],
                [
                    121.337971,
                    142.384207,
                    0.0
                ],
                [
                    121.536048,
                    142.384207,
                    0.0
                ]
            ],
            "id": "Vertex_0009",
            "perimeter": 5.78,
            "type": 5,
            "vertex_color": "#ff0000",
            "vertex_size": 7,
            "x": 121.437009,
            "y": 141.938535,
            "z": 0.0
        },
        "Vertex_0007": {
            "area": 5.16,
            "compactness": 0.74,