{
    "properties": {
        "area": 83.61,
        "bedrooms": 1,
        "compactness": 0.62,
        "net_area": 74.27,
        "perimeter": 41.29,
        "unit_type_0": 1,
        "unit_type_1": 0,
        "unit_type_2": 0,
        "unit_type_3": 0
    },
    "vertices": {
        "Vertex_0000": {
            "area": 1.97,
            "compactness": 0.69,
            "geometry": [
                [
                    155.606254,
                    136.490991,
                    0.0
                ],
                [
                    154.62295,
                    136.490991,
                    0.0
                ],
                [
                    154.62295,
                    136.70278,
                    0.0
                ],
                [
                    155.606254,
                    136.70278,
                    0.0
                ]
            ],
            "id": "Vertex_0002",
            "perimeter": 5.97,
            "type": 5,
            "vertex_color": "#ff0000",
            "vertex_size": 7,
            "x": 155.114602,
            "y": 136.596886,
            "z": 0.0
        },
        "Vertex_0001": {
            "area": 2.06,
            "compactness": 0.7,
            "geometry": [
                [
                    153.238762,
                    140.363693,
                    0.0
                ],
                [
                    153.238762,
                    140.575482,
                    0.0
                ],
                [
                    154.267448,
                    140.575482,
                    0.0
                ],
                [
                    154.267448,
                    140.363693,
                    0.0
                ]
            ],
            "id": "Vertex_0000",
            "perimeter": 6.06,
            "type": 5,
            "vertex_color": "#ff0000",
            "vertex_size": 7,
            "x": 153.753105,
            "y": 140.469588,
            "z": 0.0
        },
        "Vertex_0002": {
            "area": 8.11,
            "compactness": 0.75,
            "geometry": [
                [
                    150.152698,
                    145.805482,
                    0.0
                ],
                [
                    152.376485,
                    145.805482,
                    0.0
                ],
                [
                    152.376485,
                    145.764301,
                    0.0
                ],
                [
                    153.026978,
                    145.764301,
                    0.0
                ],
                [
                    153.026978,
                    143.056427,
                    0.0
                ],
                [
                    152.179824,
                    143.056427,
                    0.0
                ],
                [
                    152.179824,
                    142.844651,
                    0.0
                ],
                [
                    151.090618,
                    142.844651,
                    0.0
                ],
                [
                    151.090618,
                    143.056427,
                    0.0
                ],
                [
                    150.152698,
                    143.056427,
                    0.0
                ]
            ],
            "id": "Vertex_0001",
            "perimeter": 11.67,
            "type": 3,
            "vertex_color": "#4682b4",
            "vertex_size": 7,
            "x": 151.765321,
            "y": 144.105458,
            "z": 0.0
        },
        "Vertex_0003": {
            "area": 2.0,
            "compactness": 0.7,
            "geometry": [
                [
                    153.238762,
                    138.321448,
                    0.0
                ],
                [
                    153.026974,
                    138.321448,
                    0.0
                ],
                [
                    153.026974,
                    139.319879,
                    0.0
                ],
                [
                    153.238762,
                    139.319879,
                    0.0
                ]
            ],
            "id": "Vertex_0009",
            "perimeter": 6.0,
            "type": 5,
            "vertex_color": "#ff0000",
            "vertex_size": 7,
            "x": 153.132868,
            "y": 138.820664,
            "z": 0.0
        },
        "Vertex_0004": {
            "area": 3.96,
            "compactness": 0.73,
            "geometry": [
                [
                    157.046751,
                    142.053798,
                    0.0
                ],
                [
                    157.046751,
                    140.534301,
                    0.0
                ],
                [
                    154.438056,
                    140.534301,
                    0.0
                ],
                [
                    154.438056,
                    142.053798,
                    0.0
                ]
            ],
            "id": "Vertex_0003",
            "perimeter": 8.26,
            "type": 2,
            "vertex_color": "#ff8c00",
            "vertex_size": 7,
            "x": 155.742403,
            "y": 141.29405,
            "z": 0.0
        },
        "Vertex_0005": {
            "area": 1.94,
            "compactness": 0.69,
            "geometry": [
                [
                    154.479237,
                    141.044442,
                    0.0
                ],
                [
                    154.267448,
                    141.044442,
                    0.0
                ],
                [
                    154.267448,
                    142.012617,
                    0.0
                ],
                [
                    154.479237,
                    142.012617,
                    0.0
                ]
            ],
            "id": "Vertex_0004",
            "perimeter": 5.94,
            "type": 5,
            "vertex_color": "#ff0000",
            "vertex_size": 7,
            "x": 154.373343,
            "y": 141.52853,
            "z": 0.0
        },
        "Vertex_0006": {
            "area": 13.94,
            "compactness": 0.78,
            "geometry": [
                [
                    157.046751,
                    145.805478,
                    0.0
                ],
                [
                    157.046751,
                    142.183225,
                    0.0
                ],
                [
                    153.197581,
                    142.183225,
                    0.0
                ],
                [
                    153.197581,
                    145.805478,
                    0.0
                ]
            ],
            "id": "Vertex_0006",
            "perimeter": 14.94,
            "type": 1,
            "vertex_color": "#20b2aa",
            "vertex_size": 7,
            "x": 155.122166,
            "y": 143.994351,
            "z": 0.0
        },
        "Vertex_0007": {
            "area": 2.42,
            "compactness": 0.74,
            "geometry": [
                [
                    146.476661,
                    139.9855,
                    0.0
                ],
                [
                    146.476661,
                    140.197288,
                    0.0
                ],
                [
                    147.686881,
                    140.197288,
                    0.0
                ],
                [
                    147.686881,
                    139.9855,
                    0.0
                ]
            ],
            "id": "Vertex_0012",
            "perimeter": 6.42,
            "type": 6,
            "vertex_color": "#a52a2a",
            "vertex_size": 7,
            "x": 147.081771,
            "y": 140.091394,
            "z": 0.0
        },