{
    "properties": {
        "area": 95.23,
        "bedrooms": 1,
        "compactness": 0.6,
        "net_area": 85.52,
        "perimeter": 44.81,
        "unit_type_0": 1,
        "unit_type_1": 0,
        "unit_type_2": 0,
        "unit_type_3": 0
    },
    "vertices": {
        "Vertex_0000": {
            "area": 2.27,
            "compactness": 0.73,
            "geometry": [
                [
                    133.992653,
                    130.364631,
                    0.0
                ],
                [
                    133.798624,
                    130.364631,
                    0.0
                ],
                [
                    133.798624,
                    131.498956,
                    0.0
                ],
                [
                    133.992653,
                    131.498956,
                    0.0
                ]
            ],
            "id": "Vertex_0009",
            "perimeter": 6.27,
            "type": 6,
            "vertex_color": "#a52a2a",
            "vertex_size": 7,
            "x": 133.895638,
            "y": 130.931793,
            "z": 0.0
        },
        "Vertex_0001": {
            "area": 4.02,
            "compactness": 0.74,
            "geometry": [
                [
                    128.9083,
                    128.638476,
                    0.0
                ],
                [
                    128.9083,
                    126.090807,
                    0.0
                ],
                [
                    127.330777,
                    126.090807,
                    0.0
                ],
                [
                    127.330777,
                    128.638476,
                    0.0
                ]
            ],
            "id": "Vertex_0002",
            "perimeter": 8.25,
            "type": 2,
            "vertex_color": "#ff8c00",
            "vertex_size": 7,
            "x": 128.119539,
            "y": 127.364641,
            "z": 0.0
        },
        "Vertex_0002": {
            "area": 1.79,
            "compactness": 0.67,
            "geometry": [
                [
                    125.649398,
                    126.424346,
                    0.0
                ],
                [
                    125.455369,
                    126.424346,
                    0.0
                ],
                [
                    125.455369,
                    127.319865,
                    0.0
                ],
                [
                    125.649398,
                    127.319865,
                    0.0
                ]
            ],
            "id": "Vertex_0007",
            "perimeter": 5.79,
            "type": 5,
            "vertex_color": "#ff0000",
            "vertex_size": 7,
            "x": 125.552383,
            "y": 126.872106,
            "z": 0.0
        },
        "Vertex_0003": {
            "area": 15.56,
            "compactness": 0.78,
            "geometry": [
                [
                    133.206793,
                    128.638476,
                    0.0
                ],
                [
                    133.206793,
                    124.911706,
                    0.0
                ],
                [
                    129.032263,
                    124.911706,
                    0.0
                ],
                [
                    129.032263,
                    128.638476,
                    0.0
                ]
            ],
            "id": "Vertex_0008",
            "perimeter": 15.8,
            "type": 1,
            "vertex_color": "#20b2aa",
            "vertex_size": 7,
            "x": 131.119528,
            "y": 126.775091,
            "z": 0.0
        },
        "Vertex_0004": {
            "area": 1.97,
            "compactness": 0.69,
            "geometry": [
                [
                    127.36581,
                    127.618372,
                    0.0
                ],
                [
                    127.171781,
                    127.618372,
                    0.0
                ],
                [
                    127.171781,
                    128.603443,
                    0.0
                ],
                [
                    127.36581,
                    128.603443,
                    0.0
                ]
            ],
            "id": "Vertex_0010",
            "perimeter": 5.97,
            "type": 5,
            "vertex_color": "#ff0000",
            "vertex_size": 7,
            "x": 127.268795,
            "y": 128.110907,
            "z": 0.0
        },
        "Vertex_0005": {
            "area": 1.85,
            "compactness": 0.68,
            "geometry": [
                [
                    129.201624,
                    128.603443,
                    0.0
                ],
                [
                    129.201624,
                    128.797472,
                    0.0
                ],
                [
                    130.126994,
                    128.797472,
                    0.0
                ],
                [
                    130.126994,
                    128.603443,
                    0.0
                ]
            ],
            "id": "Vertex_0003",
            "perimeter": 5.85,
            "type": 5,
            "vertex_color": "#ff0000",
            "vertex_size": 7,
            "x": 129.664309,
            "y": 128.700458,
            "z": 0.0
        },
        "Vertex_0006": {
            "area": 33.94,
            "compactness": 0.58,
            "geometry": [
                [
                    125.455374,
                    128.762439,
                    0.0
                ],
                [
                    125.455374,
                    129.454181,
                    0.0
                ],
                [
                    125.649388,
                    129.454181,
                    0.0
                ],
                [
                    125.649388,
                    130.946724,
                    0.0
                ],
                [
                    125.455374,
                    130.946724,
                    0.0
                ],
                [
                    125.455374,
                    132.623537,
                    0.0
                ],
                [
                    133.833657,
                    132.623537,
                    0.0
                ],
                [
                    133.833657,
                    128.762439,
                    0.0
                ],
                [
                    127.206814,
                    128.762439,
                    0.0
                ],
                [
                    127.206814,
                    127.583339,
                    0.0
                ],
                [
                    125.614365,
                    127.583339,
                    0.0
                ],
                [
                    125.614365,
                    128.762439,
                    0.0
                ]
            ],
            "id": "Vertex_0000",
            "perimeter": 27.22,
            "type": 0,
            "vertex_color": "#8b8b83",
            "vertex_size": 7,
            "x": 127.202495,
            "y": 129.688777,
            "z": 0.0
        },
        "Vertex_0007": {
            "area": 11.45,
            "compactness": 0.74,