{
    "properties": {
        "area": 114.55,
        "bedrooms": 2,
        "compactness": 0.67,
        "net_area": 103.56,
        "perimeter": 46.48,
        "unit_type_0": 1,
        "unit_type_1": 0,
        "unit_type_2": 0,
        "unit_type_3": 0
    },
    "vertices": {
        "Vertex_0000": {
            "area": 20.06,
            "compactness": 0.77,
            "geometry": [
                [
                    145.26665,
                    144.272559,
                    0.0
                ],
                [
                    145.26665,
                    140.330473,
                    0.0
                ],
                [
                    140.176826,
                    140.330473,
                    0.0
                ],
                [
                    140.176826,
                    144.272559,
                    0.0
                ]
            ],
            "id": "Vertex_0000",
            "perimeter": 18.06,
            "type": 1,
            "vertex_color": "#20b2aa",
            "vertex_size": 7,
            "x": 142.721738,
            "y": 142.301516,
            "z": 0.0
        },
        "Vertex_0001": {
            "area": 2.14,
            "compactness": 0.71,
            "geometry": [
                [
                    140.217583,
                    144.231802,
                    0.0
                ],
                [
                    140.217583,
                    144.427439,
                    0.0
                ],
                [
                    141.287066,
                    144.427439,
                    0.0
                ],
                [
                    141.287066,
                    144.231802,
                    0.0
                ]
            ],
            "id": "Vertex_0006",
            "perimeter": 6.14,
            "type": 5,
            "vertex_color": "#ff0000",
            "vertex_size": 7,
            "x": 140.752325,
            "y": 144.32962,
            "z": 0.0
        },
        "Vertex_0002": {
            "area": 2.03,
            "compactness": 0.7,
            "geometry": [
                [
                    134.356942,
                    149.318365,
                    0.0
                ],
                [
                    134.363145,
                    150.335678,
                    0.0
                ],
                [
                    134.504981,
                    150.335678,
                    0.0
                ],
                [
                    134.504981,
                    149.318365,
                    0.0
                ]
            ],
            "id": "Vertex_0002",
            "perimeter": 6.03,
            "type": 5,
            "vertex_color": "#ff0000",
            "vertex_size": 7,
            "x": 134.432512,
            "y": 149.827021,
            "z": 0.0
        },
        "Vertex_0003": {
            "area": 2.14,
            "compactness": 0.71,
            "geometry": [
                [
                    140.217583,
                    146.331639,
                    0.0
                ],
                [
                    140.217583,
                    146.527276,
                    0.0
                ],
                [
                    141.287066,
                    146.527276,
                    0.0
                ],
                [
                    141.287066,
                    146.331639,
                    0.0
                ]
            ],
            "id": "Vertex_0010",
            "perimeter": 6.14,
            "type": 5,
            "vertex_color": "#ff0000",
            "vertex_size": 7,
            "x": 140.752325,
            "y": 146.429458,
            "z": 0.0
        },
        "Vertex_0004": {
            "area": 5.75,
            "compactness": 0.63,
            "geometry": [
                [
                    140.062704,
                    146.486519,
                    0.0
                ],
                [
                    138.585644,
                    146.486519,
                    0.0
                ],
                [
                    138.585644,
                    150.376435,
                    0.0
                ],
                [
                    140.062704,
                    150.376435,
                    0.0
                ]
            ],
            "id": "Vertex_0003",
            "perimeter": 10.73,
            "type": 2,
            "vertex_color": "#ff8c00",
            "vertex_size": 7,
            "x": 139.324174,
            "y": 148.431477,
            "z": 0.0
        },
        "Vertex_0005": {
            "area": 2.66,
            "compactness": 0.75,
            "geometry": [
                [
                    134.504982,
                    144.427439,
                    0.0
                ],
                [
                    134.309344,
                    144.427439,
                    0.0
                ],
                [
                    134.309344,
                    145.757771,
                    0.0
                ],
                [
                    134.504982,
                    145.757771,
                    0.0
                ]
            ],
            "id": "Vertex_0004",
            "perimeter": 6.66,
            "type": 6,
            "vertex_color": "#a52a2a",
            "vertex_size": 7,
            "x": 134.407163,
            "y": 145.092605,
            "z": 0.0
        },
        "Vertex_0006": {
            "area": 36.34,
            "compactness": 0.69,
            "geometry": [
                [
                    134.464224,
                    146.372397,
                    0.0
                ],
                [
                    141.327824,
                    146.372397,
                    0.0
                ],
                [
                    141.327824,
                    144.386681,
                    0.0
                ],
                [
                    140.062704,
                    144.386681,
                    0.0
                ],
                [
                    140.062704,
                    140.330473,
                    0.0
                ],
                [
                    134.464224,
                    140.330473,
                    0.0
                ]
            ],
            "id": "Vertex_0005",
            "perimeter": 25.81,
            "type": 0,
            "vertex_color": "#8b8b83",
            "vertex_size": 7,
            "x": 138.618251,
            "y": 143.696517,
            "z": 0.0
        },
        "Vertex_0007": {
            "area": 7.22,
            "compactness": 0.69,