{
    "properties": {
        "area": 53.42,
        "bedrooms": 0,
        "compactness": 0.53,
        "net_area": 45.74,
        "perimeter": 35.74,
        "unit_type_0": 1,
        "unit_type_1": 0,
        "unit_type_2": 0,
        "unit_type_3": 0
    },
    "vertices": {
        "Vertex_0000": {
            "area": 12.06,
            "compactness": 0.78,
            "geometry": [
                [
                    119.637846,
                    127.099927,
                    0.0
                ],
                [
                    119.637846,
                    130.709319,
                    0.0
                ],
                [
                    122.979213,
                    130.709319,
                    0.0
                ],
                [
                    122.979213,
                    127.099927,
                    0.0
                ]
            ],
            "id": "Vertex_0008",
            "perimeter": 13.9,
            "type": 1,
            "vertex_color": "#20b2aa",
            "vertex_size": 7,
            "x": 121.308529,
            "y": 128.904623,
            "z": 0.0
        },
        "Vertex_0001": {
            "area": 2.32,
            "compactness": 0.73,
            "geometry": [
                [
                    120.83502,
                    126.921244,
                    0.0
                ],
                [
                    120.83502,
                    127.117795,
                    0.0
                ],
                [
                    120.83502,
                    127.135664,
                    0.0
                ],
                [
                    121.996458,
                    127.135664,
                    0.0
                ],
                [
                    121.996458,
                    126.921244,
                    0.0
                ]
            ],
            "id": "Vertex_0009",
            "perimeter": 6.32,
            "type": 5,
            "vertex_color": "#ff0000",
            "vertex_size": 7,
            "x": 121.299595,
            "y": 127.046322,
            "z": 0.0
        },
        "Vertex_0002": {
            "area": 1.42,
            "compactness": 0.71,
            "geometry": [
                [
                    120.048816,
                    125.473914,
                    0.0
                ],
                [
                    120.048816,
                    125.688333,
                    0.0
                ],
                [
                    119.637846,
                    125.688333,
                    0.0
                ],
                [
                    119.637846,
                    126.956981,
                    0.0
                ],
                [
                    120.656337,
                    126.956981,
                    0.0
                ],
                [
                    120.656337,
                    125.473914,
                    0.0
                ]
            ],
            "id": "Vertex_0002",
            "perimeter": 5.0,
            "type": 2,
            "vertex_color": "#ff8c00",
            "vertex_size": 7,
            "x": 120.114333,
            "y": 126.039743,
            "z": 0.0
        },
        "Vertex_0003": {
            "area": 22.99,
            "compactness": 0.54,
            "geometry": [
                [
                    120.352572,
                    125.277367,
                    0.0
                ],
                [
                    120.352577,
                    125.313099,
                    0.0
                ],
                [
                    120.799279,
                    125.313099,
                    0.0
                ],
                [
                    120.799279,
                    126.403063,
                    0.0
                ],
                [
                    120.799285,
                    126.956981,
                    0.0
                ],
                [
                    121.889245,
                    126.956985,
                    0.0
                ],
                [
                    122.483905,
                    126.95698,
                    0.0
                ],
                [
                    122.483905,
                    123.559507,
                    0.0
                ],
                [
                    122.603979,
                    123.559507,
                    0.0
                ],
                [
                    122.603979,
                    119.559515,
                    0.0
                ],
                [
                    118.458539,
                    119.559515,
                    0.0
                ],
                [
                    118.458539,
                    123.508404,
                    0.0
                ],
                [
                    120.352577,
                    123.508404,
                    0.0
                ],
                [
                    120.352577,
                    124.330337,
                    0.0
                ]
            ],
            "id": "Vertex_0000",
            "perimeter": 23.09,
            "type": 0,
            "vertex_color": "#8b8b83",
            "vertex_size": 7,
            "x": 120.913588,
            "y": 124.340197,
            "z": 0.0
        },
        "Vertex_0004": {
            "area": 2.92,
            "compactness": 0.62,
            "geometry": [
                [
                    120.42405,
                    125.313099,
                    0.0
                ],
                [
                    120.42405,
                    125.277363,
                    0.0
                ],
                [
                    120.173894,
                    125.277363,
                    0.0
                ],
                [
                    120.173894,
                    125.170153,
                    0.0
                ],
                [
                    120.388313,
                    125.170153,
                    0.0
                ],
                [
                    120.388313,
                    125.134417,
                    0.0
                ],
                [
                    120.20963,
                    125.134417,
                    0.0
                ],
                [
                    120.20963,
                    123.65135,
                    0.0
                ],
                [
                    118.458539,
                    123.65135,
                    0.0
                ],
                [
                    118.458539,
                    125.313099,
                    0.0
                ]
            ],
            "id": "Vertex_0001",
            "perimeter": 7.68,
            "type": 2,
            "vertex_color": "#ff8c00",
            "vertex_size": 7,
            "x": 119.930885,
            "y": 124.909276,
            "z": 0.0
        },
        "Vertex_0005": {
            "area": 0.03,
            "compactness": 0.57,
            "geometry": [
                [
                    120.42405,
                    125.277363,
                    0.0
                ],
                [
                    120.42405,
                    125.134417,
                    0.0
                ],
                [
                    120.388313,
                    125.134417,
                    0.0
                ],
                [
                    120.388313,
                    125.170153,
                    0.0
                ],
                [
                    120.173894,
                    125.170153,
                    0.0
                ],
                [
                    120.173894,
                    125.277363,
                    0.0
                ]
            ],
            "id": "Vertex_0003",
            "perimeter": 0.79,
            "type": 2,
            "vertex_color": "#ff8c00",