{
    "properties": {
        "area": 65.22,
        "bedrooms": 0,
        "compactness": 0.62,
        "net_area": 58.11,
        "perimeter": 36.35,
        "unit_type_0": 1,
        "unit_type_1": 0,
        "unit_type_2": 0,
        "unit_type_3": 0
    },
    "vertices": {
        "Vertex_0000": {
            "area": 24.5,
            "compactness": 0.5,
            "geometry": [
                [
                    123.155301,
                    135.366225,
                    0.0
                ],
                [
                    123.155301,
                    133.332678,
                    0.0
                ],
                [
                    124.376292,
                    133.332678,
                    0.0
                ],
                [
                    124.376292,
                    133.124862,
                    0.0
                ],
                [
                    125.519357,
                    133.124862,
                    0.0
                ],
                [
                    125.519357,
                    133.332678,
                    0.0
                ],
                [
                    125.916247,
                    133.332678,
                    0.0
                ],
                [
                    125.916247,
                    131.896646,
                    0.0
                ],
                [
                    124.823705,
                    131.896646,
                    0.0
                ],
                [
                    124.823705,
                    131.909635,
                    0.0
                ],
                [
                    122.993661,
                    131.909635,
                    0.0
                ],
                [
                    122.993661,
                    129.662492,
                    0.0
                ],
                [
                    119.446147,
                    129.662492,
                    0.0
                ],
                [
                    119.446147,
                    135.366225,
                    0.0
                ]
            ],
            "id": "Vertex_0003",
            "perimeter": 24.79,
            "type": 0,
            "vertex_color": "#8b8b83",
            "vertex_size": 7,
            "x": 123.747244,
            "y": 132.660745,
            "z": 0.0
        },
        "Vertex_0001": {
            "area": 18.17,
            "compactness": 0.65,
            "geometry": [
                [
                    125.823879,
                    131.909635,
                    0.0
                ],
                [
                    125.823879,
                    133.171038,
                    0.0
                ],
                [
                    126.914977,
                    133.171038,
                    0.0
                ],
                [
                    126.914977,
                    135.366225,
                    0.0
                ],
                [
                    130.475481,
                    135.366225,
                    0.0
                ],
                [
                    130.475481,
                    130.649676,
                    0.0
                ],
                [
                    126.914977,
                    130.649676,
                    0.0
                ],
                [
                    126.914977,
                    131.909635,
                    0.0
                ]
            ],
            "id": "Vertex_0001",
            "perimeter": 18.74,
            "type": 1,
            "vertex_color": "#20b2aa",
            "vertex_size": 7,
            "x": 127.532329,
            "y": 132.774144,
            "z": 0.0
        },
        "Vertex_0002": {
            "area": 1.97,
            "compactness": 0.7,
            "geometry": [
                [
                    123.674876,
                    131.747991,
                    0.0
                ],
                [
                    123.674876,
                    131.955819,
                    0.0
                ],
                [
                    124.662061,
                    131.955819,
                    0.0
                ],
                [
                    124.662061,
                    131.747991,
                    0.0
                ]
            ],
            "id": "Vertex_0005",
            "perimeter": 5.97,
            "type": 5,
            "vertex_color": "#ff0000",
            "vertex_size": 7,
            "x": 124.168468,
            "y": 131.851905,
            "z": 0.0
        },
        "Vertex_0003": {
            "area": 2.34,
            "compactness": 0.73,
            "geometry": [
                [
                    119.492331,
                    129.500847,
                    0.0
                ],
                [
                    119.492331,
                    129.708676,
                    0.0
                ],
                [
                    120.661365,
                    129.708676,
                    0.0
                ],
                [
                    120.661365,
                    129.500847,
                    0.0
                ]
            ],
            "id": "Vertex_0002",
            "perimeter": 6.34,
            "type": 6,
            "vertex_color": "#a52a2a",
            "vertex_size": 7,
            "x": 120.076848,
            "y": 129.604761,
            "z": 0.0
        },
        "Vertex_0004": {
            "area": 9.67,
            "compactness": 0.73,
            "geometry": [
                [
                    123.960636,
                    135.930541,
                    0.0
                ],
                [
                    123.960636,
                    135.976725,
                    0.0
                ],
                [
                    125.870067,
                    135.976725,
                    0.0
                ],
                [
                    125.870067,
                    135.930541,
                    0.0
                ],
                [
                    126.753337,
                    135.930541,
                    0.0
                ],
                [
                    126.753337,
                    133.332678,
                    0.0
                ],
                [
                    125.519357,
                    133.332678,
                    0.0
                ],
                [
                    125.519357,
                    133.124862,
                    0.0
                ],
                [
                    124.376292,
                    133.124862,
                    0.0
                ],
                [
                    124.376292,
                    133.332678,
                    0.0
                ],
                [
                    123.155301,
                    133.332678,
                    0.0
                ],
                [
                    123.155301,
                    135.930541,
                    0.0
                ]
            ],
            "id": "Vertex_0000",
            "perimeter": 12.9,
            "type": 3,
            "vertex_color": "#4682b4",
            "vertex_size": 7,
            "x": 124.939165,
            "y": 134.604671,
            "z": 0.0
        },
        "Vertex_0005": {
            "area": 5.77,
            "compactness": 0.47,