{
    "properties": {
        "area": 100.34,
        "bedrooms": 1,
        "compactness": 0.47,
        "net_area": 88.63,
        "perimeter": 51.71,
        "unit_type_0": 1,
        "unit_type_1": 0,
        "unit_type_2": 0,
        "unit_type_3": 0
    },
    "vertices": {
        "Vertex_0000": {
            "area": 8.9,
            "compactness": 0.74,
            "geometry": [
                [
                    135.183052,
                    131.237713,
                    0.0
                ],
                [
                    135.183052,
                    131.272985,
                    0.0
                ],
                [
                    136.964277,
                    131.272985,
                    0.0
                ],
                [
                    136.964277,
                    131.237713,
                    0.0
                ],
                [
                    137.299357,
                    131.237713,
                    0.0
                ],
                [
                    137.299357,
                    127.869268,
                    0.0
                ],
                [
                    136.488111,
                    127.869268,
                    0.0
                ],
                [
                    136.488111,
                    127.692929,
                    0.0
                ],
                [
                    135.535767,
                    127.692929,
                    0.0
                ],
                [
                    135.535767,
                    127.869268,
                    0.0
                ],
                [
                    134.724522,
                    127.869268,
                    0.0
                ],
                [
                    134.724522,
                    131.237713,
                    0.0
                ]
            ],
            "id": "Vertex_0005",
            "perimeter": 12.31,
            "type": 3,
            "vertex_color": "#4682b4",
            "vertex_size": 7,
            "x": 136.032514,
            "y": 129.529979,
            "z": 0.0
        },
        "Vertex_0001": {
            "area": 19.98,
            "compactness": 0.63,
            "geometry": [
                [
                    127.264595,
                    131.502244,
                    0.0
                ],
                [
                    130.950472,
                    131.502244,
                    0.0
                ],
                [
                    130.950472,
                    127.692916,
                    0.0
                ],
                [
                    132.290791,
                    127.692916,
                    0.0
                ],
                [
                    132.290791,
                    126.511319,
                    0.0
                ],
                [
                    127.264595,
                    126.511319,
                    0.0
                ]
            ],
            "id": "Vertex_0010",
            "perimeter": 20.03,
            "type": 1,
            "vertex_color": "#20b2aa",
            "vertex_size": 7,
            "x": 130.168619,
            "y": 128.568827,
            "z": 0.0
        },
        "Vertex_0002": {
            "area": 3.87,
            "compactness": 0.73,
            "geometry": [
                [
                    127.123508,
                    126.511319,
                    0.0
                ],
                [
                    125.642103,
                    126.511319,
                    0.0
                ],
                [
                    125.642103,
                    129.121414,
                    0.0
                ],
                [
                    127.123508,
                    129.121414,
                    0.0
                ]
            ],
            "id": "Vertex_0001",
            "perimeter": 8.18,
            "type": 2,
            "vertex_color": "#ff8c00",
            "vertex_size": 7,
            "x": 126.382806,
            "y": 127.816367,
            "z": 0.0
        },
        "Vertex_0003": {
            "area": 1.83,
            "compactness": 0.68,
            "geometry": [
                [
                    127.299866,
                    127.269658,
                    0.0
                ],
                [
                    127.088237,
                    127.269658,
                    0.0
                ],
                [
                    127.088237,
                    128.186718,
                    0.0
                ],
                [
                    127.299866,
                    128.186718,
                    0.0
                ]
            ],
            "id": "Vertex_0006",
            "perimeter": 5.83,
            "type": 5,
            "vertex_color": "#ff0000",
            "vertex_size": 7,
            "x": 127.194052,
            "y": 127.728188,
            "z": 0.0
        },
        "Vertex_0004": {
            "area": 1.73,
            "compactness": 0.66,
            "geometry": [
                [
                    133.137308,
                    126.334962,
                    0.0
                ],
                [
                    133.137308,
                    126.546591,
                    0.0
                ],
                [
                    134.001461,
                    126.546591,
                    0.0
                ],
                [
                    134.001461,
                    126.334962,
                    0.0
                ]
            ],
            "id": "Vertex_0002",
            "perimeter": 5.73,
            "type": 5,
            "vertex_color": "#ff0000",
            "vertex_size": 7,
            "x": 133.569384,
            "y": 126.440776,
            "z": 0.0
        },
        "Vertex_0005": {
            "area": 2.15,
            "compactness": 0.71,
            "geometry": [
                [
                    140.385612,
                    123.848317,
                    0.0
                ],
                [
                    140.173982,
                    123.848317,
                    0.0
                ],
                [
                    140.173982,
                    124.9241,
                    0.0
                ],
                [
                    140.385612,
                    124.9241,
                    0.0
                ]
            ],
            "id": "Vertex_0009",
            "perimeter": 6.15,
            "type": 6,
            "vertex_color": "#a52a2a",
            "vertex_size": 7,
            "x": 140.279797,
            "y": 124.386209,
            "z": 0.0
        },
        "Vertex_0006": {
            "area": 1.98,
            "compactness": 0.7,
            "geometry": [
                [
                    132.467148,
                    126.546591,
                    0.0
                ],
                [
                    132.255519,
                    126.546591,
                    0.0
                ],
                [
                    132.255519,
                    127.534194,
                    0.0
                ],
                [
                    132.467148,
                    127.534194,
                    0.0
                ]
            ],
            "id": "Vertex_0004",
            "perimeter": 5.98,
            "type": 5,
            "vertex_color": "#ff0000",
            "vertex_size": 7,
            "x": 132.361334,
            "y": 127.040393,
            "z": 0.0
        },
        "Vertex_0007": {
            "area": 1.87,
            "compactness": 0.68,