{
    "properties": {
        "area": 100.89,
        "bedrooms": 1,
        "compactness": 0.6,
        "net_area": 91.35,
        "perimeter": 46.01,
        "unit_type_0": 1,
        "unit_type_1": 0,
        "unit_type_2": 0,
        "unit_type_3": 0
    },
    "vertices": {
        "Vertex_0000": {
            "area": 1.89,
            "compactness": 0.75,
            "geometry": [
                [
                    168.642302,
                    129.309311,
                    0.0
                ],
                [
                    168.642302,
                    128.204189,
                    0.0
                ],
                [
                    166.932722,
                    128.204189,
                    0.0
                ],
                [
                    166.932722,
                    129.309311,
                    0.0
                ]
            ],
            "id": "Vertex_0004",
            "perimeter": 5.63,
            "type": 2,
            "vertex_color": "#ff8c00",
            "vertex_size": 7,
            "x": 167.787512,
            "y": 128.75675,
            "z": 0.0
        },
        "Vertex_0001": {
            "area": 2.83,
            "compactness": 0.76,
            "geometry": [
                [
                    157.807073,
                    125.521522,
                    0.0
                ],
                [
                    157.614745,
                    125.521522,
                    0.0
                ],
                [
                    157.614745,
                    126.936505,
                    0.0
                ],
                [
                    157.807073,
                    126.936505,
                    0.0
                ]
            ],
            "id": "Vertex_0003",
            "perimeter": 6.83,
            "type": 6,
            "vertex_color": "#a52a2a",
            "vertex_size": 7,
            "x": 157.710909,
            "y": 126.229013,
            "z": 0.0
        },
        "Vertex_0002": {
            "area": 7.31,
            "compactness": 0.75,
            "geometry": [
                [
                    166.815198,
                    127.128828,
                    0.0
                ],
                [
                    166.815198,
                    128.049264,
                    0.0
                ],
                [
                    169.772615,
                    128.049264,
                    0.0
                ],
                [
                    169.772615,
                    127.898149,
                    0.0
                ],
                [
                    169.810012,
                    127.898149,
                    0.0
                ],
                [
                    169.810012,
                    125.672631,
                    0.0
                ],
                [
                    169.772615,
                    125.672631,
                    0.0
                ],
                [
                    169.772615,
                    125.521517,
                    0.0
                ],
                [
                    166.970114,
                    125.521517,
                    0.0
                ],
                [
                    166.970114,
                    127.128828,
                    0.0
                ]
            ],
            "id": "Vertex_0008",
            "perimeter": 11.05,
            "type": 3,
            "vertex_color": "#4682b4",
            "vertex_size": 7,
            "x": 168.628111,
            "y": 126.854078,
            "z": 0.0
        },
        "Vertex_0003": {
            "area": 2.01,
            "compactness": 0.7,
            "geometry": [
                [
                    162.120711,
                    129.464242,
                    0.0
                ],
                [
                    161.928383,
                    129.464242,
                    0.0
                ],
                [
                    161.928383,
                    130.467094,
                    0.0
                ],
                [
                    162.120711,
                    130.467094,
                    0.0
                ]
            ],
            "id": "Vertex_0006",
            "perimeter": 6.01,
            "type": 5,
            "vertex_color": "#ff0000",
            "vertex_size": 7,
            "x": 162.024547,
            "y": 129.965668,
            "z": 0.0
        },
        "Vertex_0004": {
            "area": 2.01,
            "compactness": 0.7,
            "geometry": [
                [
                    165.912316,
                    129.464242,
                    0.0
                ],
                [
                    165.719988,
                    129.464242,
                    0.0
                ],
                [
                    165.719988,
                    130.467094,
                    0.0
                ],
                [
                    165.912316,
                    130.467094,
                    0.0
                ]
            ],
            "id": "Vertex_0009",
            "perimeter": 6.01,
            "type": 5,
            "vertex_color": "#ff0000",
            "vertex_size": 7,
            "x": 165.816152,
            "y": 129.965668,
            "z": 0.0
        },
        "Vertex_0005": {
            "area": 1.79,
            "compactness": 0.67,
            "geometry": [
                [
                    166.970119,
                    128.241587,
                    0.0
                ],
                [
                    166.777791,
                    128.241587,
                    0.0
                ],
                [
                    166.777791,
                    129.134537,
                    0.0
                ],
                [
                    166.970119,
                    129.134537,
                    0.0
                ]
            ],
            "id": "Vertex_0011",
            "perimeter": 5.79,
            "type": 5,
            "vertex_color": "#ff0000",
            "vertex_size": 7,
            "x": 166.873955,
            "y": 128.688062,
            "z": 0.0
        },
        "Vertex_0006": {
            "area": 1.65,
            "compactness": 0.65,
            "geometry": [
                [
                    168.797233,
                    129.271914,
                    0.0
                ],
                [
                    168.797233,
                    129.450504,
                    0.0
                ],
                [
                    168.797233,
                    129.464242,
                    0.0
                ],
                [
                    169.621495,
                    129.464242,
                    0.0
                ],
                [
                    169.621495,
                    129.271914,
                    0.0
                ]
            ],
            "id": "Vertex_0002",
            "perimeter": 5.65,
            "type": 5,
            "vertex_color": "#ff0000",
            "vertex_size": 7,
            "x": 169.126938,
            "y": 129.384563,
            "z": 0.0
        },
        "Vertex_0007": {
            "area": 2.28,
            "compactness": 0.71,
            "geometry": [
                [
                    170.826597,
                    128.204189,
                    0.0
                ],
                [
                    168.759836,
                    128.204189,
                    0.0
                ],
                [
                    168.759836,
                    129.309311,
                    0.0
                ],
                [
                    170.826597,
                    129.309311,
                    0.0
                ]
            ],
            "id": "Vertex_0010",
            "perimeter": 6.34,
            "type": 2,
            "vertex_color": "#ff8c00",