{
    "properties": {
        "area": 102.19,
        "bedrooms": 1,
        "compactness": 0.6,
        "net_area": 90.84,
        "perimeter": 46.08,
        "unit_type_0": 1,
        "unit_type_1": 0,
        "unit_type_2": 0,
        "unit_type_3": 0
    },
    "vertices": {
        "Vertex_0000": {
            "area": 4.85,
            "compactness": 0.74,
            "geometry": [
                [
                    110.550507,
                    114.749201,
                    0.0
                ],
                [
                    112.258526,
                    114.749201,
                    0.0
                ],
                [
                    112.258526,
                    111.907169,
                    0.0
                ],
                [
                    110.550507,
                    111.907169,
                    0.0
                ]
            ],
            "id": "Vertex_0001",
            "perimeter": 9.1,
            "type": 2,
            "vertex_color": "#ff8c00",
            "vertex_size": 7,
            "x": 111.404517,
            "y": 113.328185,
            "z": 0.0
        },
        "Vertex_0001": {
            "area": 18.96,
            "compactness": 0.79,
            "geometry": [
                [
                    107.006717,
                    122.325036,
                    0.0
                ],
                [
                    111.408017,
                    122.325036,
                    0.0
                ],
                [
                    111.408017,
                    118.018238,
                    0.0
                ],
                [
                    107.006717,
                    118.018238,
                    0.0
                ]
            ],
            "id": "Vertex_0009",
            "perimeter": 17.42,
            "type": 1,
            "vertex_color": "#20b2aa",
            "vertex_size": 7,
            "x": 109.207367,
            "y": 120.171637,
            "z": 0.0
        },
        "Vertex_0002": {
            "area": 37.62,
            "compactness": 0.55,
            "geometry": [
                [
                    107.778476,
                    114.883944,
                    0.0
                ],
                [
                    107.778476,
                    115.954964,
                    0.0
                ],
                [
                    107.557973,
                    115.954964,
                    0.0
                ],
                [
                    107.557973,
                    116.875475,
                    0.0
                ],
                [
                    107.778476,
                    116.875475,
                    0.0
                ],
                [
                    107.778476,
                    117.883486,
                    0.0
                ],
                [
                    117.235583,
                    117.883486,
                    0.0
                ],
                [
                    117.235583,
                    113.041181,
                    0.0
                ],
                [
                    112.393278,
                    113.041181,
                    0.0
                ],
                [
                    112.393278,
                    114.883952,
                    0.0
                ],
                [
                    110.415756,
                    114.883952,
                    0.0
                ],
                [
                    110.415756,
                    114.706329,
                    0.0
                ],
                [
                    109.679876,
                    114.706329,
                    0.0
                ],
                [
                    109.679876,
                    114.883944,
                    0.0
                ]
            ],
            "id": "Vertex_0000",
            "perimeter": 29.4,
            "type": 0,
            "vertex_color": "#8b8b83",
            "vertex_size": 7,
            "x": 110.405631,
            "y": 115.461333,
            "z": 0.0
        },
        "Vertex_0003": {
            "area": 2.05,
            "compactness": 0.7,
            "geometry": [
                [
                    110.34138,
                    117.840611,
                    0.0
                ],
                [
                    110.34138,
                    118.061113,
                    0.0
                ],
                [
                    111.365141,
                    118.061113,
                    0.0
                ],
                [
                    111.365141,
                    117.840611,
                    0.0
                ]
            ],
            "id": "Vertex_0005",
            "perimeter": 6.05,
            "type": 5,
            "vertex_color": "#ff0000",
            "vertex_size": 7,
            "x": 110.85326,
            "y": 117.950862,
            "z": 0.0
        },
        "Vertex_0004": {
            "area": 2.02,
            "compactness": 0.7,
            "geometry": [
                [
                    111.585644,
                    120.124386,
                    0.0
                ],
                [
                    111.365141,
                    120.124386,
                    0.0
                ],
                [
                    111.365141,
                    121.132398,
                    0.0
                ],
                [
                    111.585644,
                    121.132398,
                    0.0
                ]
            ],
            "id": "Vertex_0010",
            "perimeter": 6.02,
            "type": 5,
            "vertex_color": "#ff0000",
            "vertex_size": 7,
            "x": 111.475392,
            "y": 120.628392,
            "z": 0.0
        },
        "Vertex_0005": {
            "area": 16.65,
            "compactness": 0.78,
            "geometry": [
                [
                    117.235583,
                    118.018238,
                    0.0
                ],
                [
                    113.369789,
                    118.018238,
                    0.0
                ],
                [
                    113.369789,
                    122.325036,
                    0.0
                ],
                [
                    117.235583,
                    122.325036,
                    0.0
                ]
            ],
            "id": "Vertex_0004",
            "perimeter": 16.35,
            "type": 1,
            "vertex_color": "#20b2aa",
            "vertex_size": 7,
            "x": 115.302686,
            "y": 120.171637,
            "z": 0.0
        },
        "Vertex_0006": {
            "area": 2.39,
            "compactness": 0.74,
            "geometry": [
                [
                    117.41321,
                    113.210058,
                    0.0
                ],
                [
                    117.192707,
                    113.210058,
                    0.0
                ],
                [
                    117.192707,
                    114.407072,
                    0.0
                ],
                [
                    117.41321,
                    114.407072,
                    0.0
                ]
            ],
            "id": "Vertex_0008",
            "perimeter": 6.39,
            "type": 6,
            "vertex_color": "#a52a2a",
            "vertex_size": 7,
            "x": 117.302958,
            "y": 113.808565,
            "z": 0.0
        },
        "Vertex_0007": {
            "area": 5.34,
            "compactness": 0.71,