{
    "properties": {
        "area": 84.08,
        "bedrooms": 1,
        "compactness": 0.52,
        "net_area": 73.98,
        "perimeter": 45.21,
        "unit_type_0": 1,
        "unit_type_1": 0,
        "unit_type_2": 0,
        "unit_type_3": 0
    },
    "vertices": {
        "Vertex_0000": {
            "area": 11.61,
            "compactness": 0.75,
            "geometry": [
                [
                    111.775014,
                    146.740396,
                    0.0
                ],
                [
                    111.775014,
                    147.039334,
                    0.0
                ],
                [
                    113.611036,
                    147.039334,
                    0.0
                ],
                [
                    113.611036,
                    143.220882,
                    0.0
                ],
                [
                    110.469127,
                    143.220882,
                    0.0
                ],
                [
                    110.469127,
                    146.740396,
                    0.0
                ]
            ],
            "id": "Vertex_0006",
            "perimeter": 13.92,
            "type": 1,
            "vertex_color": "#20b2aa",
            "vertex_size": 7,
            "x": 111.951726,
            "y": 145.666871,
            "z": 0.0
        },
        "Vertex_0001": {
            "area": 8.39,
            "compactness": 0.75,
            "geometry": [
                [
                    110.925396,
                    140.630299,
                    0.0
                ],
                [
                    110.925396,
                    143.053281,
                    0.0
                ],
                [
                    113.741701,
                    143.053281,
                    0.0
                ],
                [
                    113.741701,
                    142.077788,
                    0.0
                ],
                [
                    113.574111,
                    142.077788,
                    0.0
                ],
                [
                    113.574111,
                    139.938021,
                    0.0
                ],
                [
                    110.962326,
                    139.938021,
                    0.0
                ],
                [
                    110.962326,
                    140.630299,
                    0.0
                ]
            ],
            "id": "Vertex_0002",
            "perimeter": 11.86,
            "type": 3,
            "vertex_color": "#4682b4",
            "vertex_size": 7,
            "x": 112.300883,
            "y": 141.424847,
            "z": 0.0
        },
        "Vertex_0002": {
            "area": 26.51,
            "compactness": 0.62,
            "geometry": [
                [
                    113.741701,
                    143.090206,
                    0.0
                ],
                [
                    113.741712,
                    146.221188,
                    0.0
                ],
                [
                    116.699625,
                    146.221188,
                    0.0
                ],
                [
                    116.699625,
                    147.338273,
                    0.0
                ],
                [
                    117.701767,
                    147.338273,
                    0.0
                ],
                [
                    117.701767,
                    139.901096,
                    0.0
                ],
                [
                    113.574111,
                    139.901096,
                    0.0
                ],
                [
                    113.574111,
                    142.077788,
                    0.0
                ],
                [
                    113.741701,
                    142.077788,
                    0.0
                ]
            ],
            "id": "Vertex_0007",
            "perimeter": 23.13,
            "type": 0,
            "vertex_color": "#8b8b83",
            "vertex_size": 7,
            "x": 115.241791,
            "y": 143.796322,
            "z": 0.0
        },
        "Vertex_0003": {
            "area": 1.84,
            "compactness": 0.68,
            "geometry": [
                [
                    116.048211,
                    146.184258,
                    0.0
                ],
                [
                    115.127797,
                    146.184258,
                    0.0
                ],
                [
                    115.127797,
                    146.388795,
                    0.0
                ],
                [
                    116.048211,
                    146.388795,
                    0.0
                ]
            ],
            "id": "Vertex_0011",
            "perimeter": 5.84,
            "type": 5,
            "vertex_color": "#ff0000",
            "vertex_size": 7,
            "x": 115.588004,
            "y": 146.286526,
            "z": 0.0
        },
        "Vertex_0004": {
            "area": 2.27,
            "compactness": 0.73,
            "geometry": [
                [
                    114.423719,
                    139.73349,
                    0.0
                ],
                [
                    114.423719,
                    139.938027,
                    0.0
                ],
                [
                    115.556537,
                    139.938027,
                    0.0
                ],
                [
                    115.556537,
                    139.73349,
                    0.0
                ]
            ],
            "id": "Vertex_0009",
            "perimeter": 6.27,
            "type": 6,
            "vertex_color": "#a52a2a",
            "vertex_size": 7,
            "x": 114.990128,
            "y": 139.835758,
            "z": 0.0
        },
        "Vertex_0005": {
            "area": 1.89,
            "compactness": 0.68,
            "geometry": [
                [
                    113.778642,
                    143.257812,
                    0.0
                ],
                [
                    113.574105,
                    143.257812,
                    0.0
                ],
                [
                    113.574105,
                    144.201827,
                    0.0
                ],
                [
                    113.778642,
                    144.201827,
                    0.0
                ]
            ],
            "id": "Vertex_0005",
            "perimeter": 5.89,
            "type": 5,
            "vertex_color": "#ff0000",
            "vertex_size": 7,
            "x": 113.676374,
            "y": 143.72982,
            "z": 0.0
        },
        "Vertex_0006": {
            "area": 1.73,
            "compactness": 0.66,
            "geometry": [
                [
                    117.869373,
                    145.916787,
                    0.0
                ],
                [
                    117.664836,
                    145.916787,
                    0.0
                ],
                [
                    117.664836,
                    146.782134,
                    0.0
                ],
                [
                    117.869373,
                    146.782134,
                    0.0
                ]
            ],
            "id": "Vertex_0010",
            "perimeter": 5.73,
            "type": 5,
            "vertex_color": "#ff0000",
            "vertex_size": 7,
            "x": 117.767105,
            "y": 146.349461,
            "z": 0.0
        },
        "Vertex_0007": {
            "area": 1.79,
            "compactness": 0.67,