{
    "properties": {
        "area": 98.29,
        "bedrooms": 1,
        "compactness": 0.75,
        "net_area": 87.9,
        "perimeter": 40.69,
        "unit_type_0": 1,
        "unit_type_1": 0,
        "unit_type_2": 0,
        "unit_type_3": 0
    },
    "vertices": {
        "Vertex_0000": {
            "area": 14.33,
            "compactness": 0.78,
            "geometry": [
                [
                    153.318731,
                    144.157898,
                    0.0
                ],
                [
                    156.779,
                    144.157898,
                    0.0
                ],
                [
                    156.779,
                    140.017005,
                    0.0
                ],
                [
                    153.318731,
                    140.017005,
                    0.0
                ]
            ],
            "id": "Vertex_0001",
            "perimeter": 15.2,
            "type": 1,
            "vertex_color": "#20b2aa",
            "vertex_size": 7,
            "x": 155.048866,
            "y": 142.087451,
            "z": 0.0
        },
        "Vertex_0001": {
            "area": 11.89,
            "compactness": 0.78,
            "geometry": [
                [
                    148.518699,
                    145.30731,
                    0.0
                ],
                [
                    145.986554,
                    145.30731,
                    0.0
                ],
                [
                    145.986554,
                    148.767579,
                    0.0
                ],
                [
                    149.446823,
                    148.767579,
                    0.0
                ],
                [
                    149.446823,
                    145.400123,
                    0.0
                ],
                [
                    148.518699,
                    145.400123,
                    0.0
                ]
            ],
            "id": "Vertex_0003",
            "perimeter": 13.84,
            "type": 1,
            "vertex_color": "#20b2aa",
            "vertex_size": 7,
            "x": 147.984025,
            "y": 146.491671,
            "z": 0.0
        },
        "Vertex_0002": {
            "area": 2.17,
            "compactness": 0.72,
            "geometry": [
                [
                    146.022863,
                    141.894092,
                    0.0
                ],
                [
                    145.821769,
                    141.894092,
                    0.0
                ],
                [
                    145.821769,
                    142.976903,
                    0.0
                ],
                [
                    146.022863,
                    142.976903,
                    0.0
                ]
            ],
            "id": "Vertex_0002",
            "perimeter": 6.17,
            "type": 6,
            "vertex_color": "#a52a2a",
            "vertex_size": 7,
            "x": 145.922316,
            "y": 142.435498,
            "z": 0.0
        },
        "Vertex_0003": {
            "area": 1.83,
            "compactness": 0.68,
            "geometry": [
                [
                    148.12661,
                    148.73127,
                    0.0
                ],
                [
                    148.12661,
                    148.932364,
                    0.0
                ],
                [
                    149.039265,
                    148.932364,
                    0.0
                ],
                [
                    149.039265,
                    148.73127,
                    0.0
                ]
            ],
            "id": "Vertex_0004",
            "perimeter": 5.83,
            "type": 5,
            "vertex_color": "#ff0000",
            "vertex_size": 7,
            "x": 148.582937,
            "y": 148.831817,
            "z": 0.0
        },
        "Vertex_0004": {
            "area": 4.83,
            "compactness": 0.66,
            "geometry": [
                [
                    151.009164,
                    148.767579,
                    0.0
                ],
                [
                    151.009164,
                    145.400123,
                    0.0
                ],
                [
                    149.575299,
                    145.400123,
                    0.0
                ],
                [
                    149.575299,
                    148.767579,
                    0.0
                ]
            ],
            "id": "Vertex_0006",
            "perimeter": 9.6,
            "type": 2,
            "vertex_color": "#ff8c00",
            "vertex_size": 7,
            "x": 150.292232,
            "y": 147.083851,
            "z": 0.0
        },
        "Vertex_0005": {
            "area": 44.02,
            "compactness": 0.5,
            "geometry": [
                [
                    148.446082,
                    145.178834,
                    0.0
                ],
                [
                    148.446082,
                    145.271646,
                    0.0
                ],
                [
                    151.137641,
                    145.271646,
                    0.0
                ],
                [
                    151.137641,
                    148.767579,
                    0.0
                ],
                [
                    153.932754,
                    148.767579,
                    0.0
                ],
                [
                    153.932754,
                    144.286374,
                    0.0
                ],
                [
                    153.190255,
                    144.286374,
                    0.0
                ],
                [
                    153.190255,
                    142.569345,
                    0.0
                ],
                [
                    151.581507,
                    142.569345,
                    0.0
                ],
                [
                    151.581507,
                    140.017005,
                    0.0
                ],
                [
                    145.986554,
                    140.017005,
                    0.0
                ],
                [
                    145.986554,
                    145.178834,
                    0.0
                ]
            ],
            "id": "Vertex_0005",
            "perimeter": 33.39,
            "type": 0,
            "vertex_color": "#8b8b83",
            "vertex_size": 7,
            "x": 150.712465,
            "y": 144.348464,
            "z": 0.0
        },
        "Vertex_0006": {
            "area": 1.76,
            "compactness": 0.67,
            "geometry": [
                [
                    151.173949,
                    145.436431,
                    0.0
                ],
                [
                    150.972856,
                    145.436431,
                    0.0
                ],
                [
                    150.972856,
                    146.318149,
                    0.0
                ],
                [
                    151.173949,
                    146.318149,
                    0.0
                ]
            ],
            "id": "Vertex_0010",
            "perimeter": 5.76,
            "type": 5,
            "vertex_color": "#ff0000",
            "vertex_size": 7,
            "x": 151.073402,
            "y": 145.87729,
            "z": 0.0
        },
        "Vertex_0007": {
            "area": 1.89,
            "compactness": 0.68,