{
    "properties": {
        "area": 82.68,
        "bedrooms": 1,
        "compactness": 0.43,
        "net_area": 71.71,
        "perimeter": 49.39,
        "unit_type_0": 1,
        "unit_type_1": 0,
        "unit_type_2": 0,
        "unit_type_3": 0
    },
    "vertices": {
        "Vertex_0000": {
            "area": 1.95,
            "compactness": 0.69,
            "geometry": [
                [
                    108.005618,
                    151.343213,
                    0.0
                ],
                [
                    107.79317,
                    151.343213,
                    0.0
                ],
                [
                    107.79317,
                    152.316937,
                    0.0
                ],
                [
                    108.005618,
                    152.316937,
                    0.0
                ]
            ],
            "id": "Vertex_0004",
            "perimeter": 5.95,
            "type": 5,
            "vertex_color": "#ff0000",
            "vertex_size": 7,
            "x": 107.899394,
            "y": 151.830075,
            "z": 0.0
        },
        "Vertex_0001": {
            "area": 3.24,
            "compactness": 0.68,
            "geometry": [
                [
                    106.606996,
                    149.696734,
                    0.0
                ],
                [
                    106.606996,
                    152.352345,
                    0.0
                ],
                [
                    107.828578,
                    152.352345,
                    0.0
                ],
                [
                    107.828578,
                    149.696734,
                    0.0
                ]
            ],
            "id": "Vertex_0001",
            "perimeter": 7.75,
            "type": 2,
            "vertex_color": "#ff8c00",
            "vertex_size": 7,
            "x": 107.217787,
            "y": 151.02454,
            "z": 0.0
        },
        "Vertex_0002": {
            "area": 4.89,
            "compactness": 0.67,
            "geometry": [
                [
                    113.157505,
                    153.697855,
                    0.0
                ],
                [
                    113.157505,
                    150.369489,
                    0.0
                ],
                [
                    111.688067,
                    150.369489,
                    0.0
                ],
                [
                    111.688067,
                    153.697855,
                    0.0
                ]
            ],
            "id": "Vertex_0010",
            "perimeter": 9.6,
            "type": 2,
            "vertex_color": "#ff8c00",
            "vertex_size": 7,
            "x": 112.422786,
            "y": 152.033672,
            "z": 0.0
        },
        "Vertex_0003": {
            "area": 6.3,
            "compactness": 0.73,
            "geometry": [
                [
                    116.857657,
                    146.957205,
                    0.0
                ],
                [
                    114.930259,
                    146.957205,
                    0.0
                ],
                [
                    114.930259,
                    150.227856,
                    0.0
                ],
                [
                    116.857657,
                    150.227856,
                    0.0
                ]
            ],
            "id": "Vertex_0000",
            "perimeter": 10.4,
            "type": 3,
            "vertex_color": "#4682b4",
            "vertex_size": 7,
            "x": 115.893958,
            "y": 148.59253,
            "z": 0.0
        },
        "Vertex_0004": {
            "area": 1.93,
            "compactness": 0.69,
            "geometry": [
                [
                    109.652098,
                    147.629783,
                    0.0
                ],
                [
                    109.439649,
                    147.629783,
                    0.0
                ],
                [
                    109.439649,
                    148.594655,
                    0.0
                ],
                [
                    109.652098,
                    148.594655,
                    0.0
                ]
            ],
            "id": "Vertex_0006",
            "perimeter": 5.93,
            "type": 5,
            "vertex_color": "#ff0000",
            "vertex_size": 7,
            "x": 109.545873,
            "y": 148.112219,
            "z": 0.0
        },
        "Vertex_0005": {
            "area": 1.98,
            "compactness": 0.7,
            "geometry": [
                [
                    110.519597,
                    149.519693,
                    0.0
                ],
                [
                    110.519597,
                    149.732142,
                    0.0
                ],
                [
                    111.511026,
                    149.732142,
                    0.0
                ],
                [
                    111.511026,
                    149.519693,
                    0.0
                ]
            ],
            "id": "Vertex_0002",
            "perimeter": 5.98,
            "type": 5,
            "vertex_color": "#ff0000",
            "vertex_size": 7,
            "x": 111.015312,
            "y": 149.625917,
            "z": 0.0
        },
        "Vertex_0006": {
            "area": 12.16,
            "compactness": 0.78,
            "geometry": [
                [
                    107.97021,
                    153.095917,
                    0.0
                ],
                [
                    111.546434,
                    153.095917,
                    0.0
                ],
                [
                    111.546434,
                    149.696734,
                    0.0
                ],
                [
                    107.97021,
                    149.696734,
                    0.0
                ]
            ],
            "id": "Vertex_0007",
            "perimeter": 13.95,
            "type": 1,
            "vertex_color": "#20b2aa",
            "vertex_size": 7,
            "x": 109.758322,
            "y": 151.396325,
            "z": 0.0
        },
        "Vertex_0007": {
            "area": 1.91,
            "compactness": 0.69,
            "geometry": [
                [
                    113.334546,
                    150.192448,
                    0.0
                ],
                [
                    113.334546,
                    150.210152,
                    0.0
                ],
                [
                    113.334546,
                    150.404897,
                    0.0
                ],
                [
                    114.290566,
                    150.404897,
                    0.0
                ],
                [
                    114.290566,
                    150.192448,
                    0.0
                ]
            ],
            "id": "Vertex_0003",
            "perimeter": 5.91,
            "type": 5,
            "vertex_color": "#ff0000",
            "vertex_size": 7,
            "x": 113.716954,
            "y": 150.280968,
            "z": 0.0
        },
        "Vertex_0008": {
            "area": 2.27,
            "compactness": 0.73,
            "geometry": [
                [
                    120.34536,
                    143.677347,
                    0.0
                ],
                [
                    120.132911,
                    143.677347,
                    0.0
                ],
                [
                    120.132911,
                    144.810408,
                    0.0
                ],
                [
                    120.34536,
                    144.810408,
                    0.0
                ]
            ],