{
    "properties": {
        "area": 53.23,
        "bedrooms": 0,
        "compactness": 0.52,
        "net_area": 46.79,
        "perimeter": 35.7,
        "unit_type_0": 1,
        "unit_type_1": 0,
        "unit_type_2": 0,
        "unit_type_3": 0
    },
    "vertices": {
        "Vertex_0000": {
            "area": 1.5,
            "compactness": 0.62,
            "geometry": [
                [
                    130.055203,
                    127.710971,
                    0.0
                ],
                [
                    130.055203,
                    127.892242,
                    0.0
                ],
                [
                    130.806181,
                    127.892242,
                    0.0
                ],
                [
                    130.806181,
                    127.710971,
                    0.0
                ]
            ],
            "id": "Vertex_0005",
            "perimeter": 5.5,
            "type": 5,
            "vertex_color": "#ff0000",
            "vertex_size": 7,
            "x": 130.430692,
            "y": 127.801607,
            "z": 0.0
        },
        "Vertex_0001": {
            "area": 1.5,
            "compactness": 0.62,
            "geometry": [
                [
                    130.987452,
                    126.739878,
                    0.0
                ],
                [
                    130.806181,
                    126.739878,
                    0.0
                ],
                [
                    130.806181,
                    127.490857,
                    0.0
                ],
                [
                    130.987452,
                    127.490857,
                    0.0
                ]
            ],
            "id": "Vertex_0006",
            "perimeter": 5.5,
            "type": 5,
            "vertex_color": "#ff0000",
            "vertex_size": 7,
            "x": 130.896817,
            "y": 127.115367,
            "z": 0.0
        },
        "Vertex_0002": {
            "area": 1.94,
            "compactness": 0.69,
            "geometry": [
                [
                    129.381911,
                    126.739878,
                    0.0
                ],
                [
                    129.20064,
                    126.739878,
                    0.0
                ],
                [
                    129.20064,
                    127.710971,
                    0.0
                ],
                [
                    129.213588,
                    127.710971,
                    0.0
                ],
                [
                    129.381911,
                    127.710971,
                    0.0
                ]
            ],
            "id": "Vertex_0007",
            "perimeter": 5.94,
            "type": 5,
            "vertex_color": "#ff0000",
            "vertex_size": 7,
            "x": 129.275738,
            "y": 127.322534,
            "z": 0.0
        },
        "Vertex_0003": {
            "area": 1.35,
            "compactness": 0.78,
            "geometry": [
                [
                    132.252751,
                    127.746218,
                    0.0
                ],
                [
                    132.252751,
                    126.704631,
                    0.0
                ],
                [
                    130.952205,
                    126.704631,
                    0.0
                ],
                [
                    130.952205,
                    127.746218,
                    0.0
                ]
            ],
            "id": "Vertex_0008",
            "perimeter": 4.68,
            "type": 2,
            "vertex_color": "#ff8c00",
            "vertex_size": 7,
            "x": 131.602478,
            "y": 127.225424,
            "z": 0.0
        },
        "Vertex_0004": {
            "area": 18.97,
            "compactness": 0.53,
            "geometry": [
                [
                    132.398771,
                    123.338174,
                    0.0
                ],
                [
                    126.808873,
                    123.338174,
                    0.0
                ],
                [
                    126.808873,
                    124.069011,
                    0.0
                ],
                [
                    127.210259,
                    124.069011,
                    0.0
                ],
                [
                    127.210259,
                    126.005443,
                    0.0
                ],
                [
                    126.808873,
                    126.005443,
                    0.0
                ],
                [
                    126.808873,
                    126.593854,
                    0.0
                ],
                [
                    129.346664,
                    126.593854,
                    0.0
                ],
                [
                    129.346664,
                    127.746218,
                    0.0
                ],
                [
                    130.841429,
                    127.746218,
                    0.0
                ],
                [
                    130.841429,
                    126.593854,
                    0.0
                ],
                [
                    132.398771,
                    126.593854,
                    0.0
                ],
                [
                    132.398771,
                    126.118382,
                    0.0
                ],
                [
                    132.217512,
                    126.118382,
                    0.0
                ],
                [
                    132.217512,
                    125.173177,
                    0.0
                ],
                [
                    132.398771,
                    125.173177,
                    0.0
                ]
            ],
            "id": "Vertex_0009",
            "perimeter": 21.16,
            "type": 0,
            "vertex_color": "#8b8b83",
            "vertex_size": 7,
            "x": 129.753894,
            "y": 125.704764,
            "z": 0.0
        },
        "Vertex_0005": {
            "area": 3.41,
            "compactness": 0.75,
            "geometry": [
                [
                    130.841429,
                    127.856995,
                    0.0
                ],
                [
                    129.346664,
                    127.856995,
                    0.0
                ],
                [
                    129.346664,
                    130.141582,
                    0.0
                ],
                [
                    130.841429,
                    130.141582,
                    0.0
                ]
            ],
            "id": "Vertex_0004",
            "perimeter": 7.56,
            "type": 2,
            "vertex_color": "#ff8c00",
            "vertex_size": 7,
            "x": 130.094046,
            "y": 128.999288,
            "z": 0.0
        },
        "Vertex_0006": {
            "area": 8.88,
            "compactness": 0.75,