{
    "properties": {
        "area": 64.94,
        "bedrooms": 0,
        "compactness": 0.59,
        "net_area": 58.79,
        "perimeter": 37.25,
        "unit_type_0": 1,
        "unit_type_1": 0,
        "unit_type_2": 0,
        "unit_type_3": 0
    },
    "vertices": {
        "Vertex_0000": {
            "area": 9.25,
            "compactness": 0.74,
            "geometry": [
                [
                    119.009412,
                    130.10397,
                    0.0
                ],
                [
                    119.009412,
                    130.287246,
                    0.0
                ],
                [
                    118.408635,
                    130.287246,
                    0.0
                ],
                [
                    118.408635,
                    133.616983,
                    0.0
                ],
                [
                    119.060325,
                    133.616983,
                    0.0
                ],
                [
                    119.060325,
                    133.662805,
                    0.0
                ],
                [
                    120.893211,
                    133.662805,
                    0.0
                ],
                [
                    120.893211,
                    133.616983,
                    0.0
                ],
                [
                    121.096864,
                    133.616983,
                    0.0
                ],
                [
                    121.096864,
                    130.287246,
                    0.0
                ],
                [
                    120.180425,
                    130.287246,
                    0.0
                ],
                [
                    120.180425,
                    130.10397,
                    0.0
                ]
            ],
            "id": "Vertex_0002",
            "perimeter": 12.49,
            "type": 3,
            "vertex_color": "#4682b4",
            "vertex_size": 7,
            "x": 119.774812,
            "y": 131.929206,
            "z": 0.0
        },
        "Vertex_0001": {
            "area": 15.34,
            "compactness": 0.71,
            "geometry": [
                [
                    114.768338,
                    132.858371,
                    0.0
                ],
                [
                    118.271173,
                    132.858371,
                    0.0
                ],
                [
                    118.271173,
                    128.958413,
                    0.0
                ],
                [
                    116.825235,
                    128.958413,
                    0.0
                ],
                [
                    116.825235,
                    128.1438,
                    0.0
                ],
                [
                    114.768338,
                    128.1438,
                    0.0
                ]
            ],
            "id": "Vertex_0003",
            "perimeter": 16.43,
            "type": 1,
            "vertex_color": "#20b2aa",
            "vertex_size": 7,
            "x": 116.621582,
            "y": 129.986862,
            "z": 0.0
        },
        "Vertex_0002": {
            "area": 3.28,
            "compactness": 0.78,
            "geometry": [
                [
                    118.87195,
                    127.18663,
                    0.0
                ],
                [
                    116.916879,
                    127.18663,
                    0.0
                ],
                [
                    116.916879,
                    128.866769,
                    0.0
                ],
                [
                    118.87195,
                    128.866769,
                    0.0
                ]
            ],
            "id": "Vertex_0001",
            "perimeter": 7.27,
            "type": 2,
            "vertex_color": "#ff8c00",
            "vertex_size": 7,
            "x": 117.894414,
            "y": 128.0267,
            "z": 0.0
        },
        "Vertex_0003": {
            "area": 1.91,
            "compactness": 0.69,
            "geometry": [
                [
                    119.009415,
                    127.863777,
                    0.0
                ],
                [
                    118.826128,
                    127.863777,
                    0.0
                ],
                [
                    118.826128,
                    128.820947,
                    0.0
                ],
                [
                    119.009415,
                    128.820947,
                    0.0
                ]
            ],
            "id": "Vertex_0005",
            "perimeter": 5.91,
            "type": 5,
            "vertex_color": "#ff0000",
            "vertex_size": 7,
            "x": 118.917772,
            "y": 128.342362,
            "z": 0.0
        },
        "Vertex_0004": {
            "area": 2.04,
            "compactness": 0.7,
            "geometry": [
                [
                    118.408639,
                    129.004235,
                    0.0
                ],
                [
                    118.225351,
                    129.004235,
                    0.0
                ],
                [
                    118.225351,
                    130.022501,
                    0.0
                ],
                [
                    118.408639,
                    130.022501,
                    0.0
                ]
            ],
            "id": "Vertex_0007",
            "perimeter": 6.04,
            "type": 5,
            "vertex_color": "#ff0000",
            "vertex_size": 7,
            "x": 118.316995,
            "y": 129.513368,
            "z": 0.0
        },
        "Vertex_0005": {
            "area": 2.61,
            "compactness": 0.75,
            "geometry": [
                [
                    124.986636,
                    126.081812,
                    0.0
                ],
                [
                    124.803348,
                    126.081812,
                    0.0
                ],
                [
                    124.803348,
                    127.385192,
                    0.0
                ],
                [
                    124.986636,
                    127.385192,
                    0.0
                ]
            ],
            "id": "Vertex_0008",
            "perimeter": 6.61,
            "type": 6,
            "vertex_color": "#a52a2a",
            "vertex_size": 7,
            "x": 124.894992,
            "y": 126.733502,
            "z": 0.0
        },
        "Vertex_0006": {
            "area": 2.04,
            "compactness": 0.7,
            "geometry": [
                [
                    116.743774,
                    132.812549,
                    0.0
                ],
                [
                    115.725508,
                    132.812549,
                    0.0
                ],
                [
                    115.725508,
                    132.995837,
                    0.0
                ],
                [
                    116.743774,
                    132.995837,
                    0.0
                ]
            ],
            "id": "Vertex_0006",
            "perimeter": 6.04,
            "type": 5,
            "vertex_color": "#ff0000",
            "vertex_size": 7,
            "x": 116.234641,
            "y": 132.904193,
            "z": 0.0
        },
        "Vertex_0007": {
            "area": 2.14,
            "compactness": 0.78,