{
    "properties": {
        "area": 108.32,
        "bedrooms": 1,
        "compactness": 0.66,
        "net_area": 97.33,
        "perimeter": 45.28,
        "unit_type_0": 1,
        "unit_type_1": 0,
        "unit_type_2": 0,
        "unit_type_3": 0
    },
    "vertices": {
        "Vertex_0000": {
            "area": 4.46,
            "compactness": 0.77,
            "geometry": [
                [
                    140.432299,
                    114.891237,
                    0.0
                ],
                [
                    138.632835,
                    114.891237,
                    0.0
                ],
                [
                    138.632835,
                    117.371271,
                    0.0
                ],
                [
                    140.432299,
                    117.371271,
                    0.0
                ]
            ],
            "id": "Vertex_0010",
            "perimeter": 8.56,
            "type": 2,
            "vertex_color": "#ff8c00",
            "vertex_size": 7,
            "x": 139.532567,
            "y": 116.131254,
            "z": 0.0
        },
        "Vertex_0001": {
            "area": 2.22,
            "compactness": 0.72,
            "geometry": [
                [
                    134.064271,
                    108.629163,
                    0.0
                ],
                [
                    133.858517,
                    108.629163,
                    0.0
                ],
                [
                    133.858517,
                    109.737067,
                    0.0
                ],
                [
                    134.064271,
                    109.737067,
                    0.0
                ]
            ],
            "id": "Vertex_0002",
            "perimeter": 6.22,
            "type": 6,
            "vertex_color": "#a52a2a",
            "vertex_size": 7,
            "x": 133.961394,
            "y": 109.183115,
            "z": 0.0
        },
        "Vertex_0002": {
            "area": 2.03,
            "compactness": 0.7,
            "geometry": [
                [
                    140.822483,
                    114.722633,
                    0.0
                ],
                [
                    140.822483,
                    114.928387,
                    0.0
                ],
                [
                    141.835424,
                    114.928387,
                    0.0
                ],
                [
                    141.835424,
                    114.722633,
                    0.0
                ]
            ],
            "id": "Vertex_0007",
            "perimeter": 6.03,
            "type": 5,
            "vertex_color": "#ff0000",
            "vertex_size": 7,
            "x": 141.328954,
            "y": 114.82551,
            "z": 0.0
        },
        "Vertex_0003": {
            "area": 19.83,
            "compactness": 0.78,
            "geometry": [
                [
                    140.563753,
                    114.891237,
                    0.0
                ],
                [
                    140.563753,
                    119.017299,
                    0.0
                ],
                [
                    145.370384,
                    119.017299,
                    0.0
                ],
                [
                    145.370384,
                    114.891237,
                    0.0
                ]
            ],
            "id": "Vertex_0005",
            "perimeter": 17.87,
            "type": 1,
            "vertex_color": "#20b2aa",
            "vertex_size": 7,
            "x": 142.967068,
            "y": 116.954268,
            "z": 0.0
        },
        "Vertex_0004": {
            "area": 5.15,
            "compactness": 0.74,
            "geometry": [
                [
                    140.432299,
                    108.433741,
                    0.0
                ],
                [
                    138.632835,
                    108.433741,
                    0.0
                ],
                [
                    138.632835,
                    111.293628,
                    0.0
                ],
                [
                    140.432299,
                    111.293628,
                    0.0
                ]
            ],
            "id": "Vertex_0003",
            "perimeter": 9.32,
            "type": 2,
            "vertex_color": "#ff8c00",
            "vertex_size": 7,
            "x": 139.532567,
            "y": 109.863684,
            "z": 0.0
        },
        "Vertex_0005": {
            "area": 17.4,
            "compactness": 0.78,
            "geometry": [
                [
                    138.501381,
                    117.371271,
                    0.0
                ],
                [
                    138.501381,
                    113.482617,
                    0.0
                ],
                [
                    134.027121,
                    113.482617,
                    0.0
                ],
                [
                    134.027121,
                    117.371271,
                    0.0
                ]
            ],
            "id": "Vertex_0006",
            "perimeter": 16.73,
            "type": 1,
            "vertex_color": "#20b2aa",
            "vertex_size": 7,
            "x": 136.264251,
            "y": 115.426944,
            "z": 0.0
        },
        "Vertex_0006": {
            "area": 1.96,
            "compactness": 0.69,
            "geometry": [
                [
                    140.600903,
                    116.257871,
                    0.0
                ],
                [
                    140.395149,
                    116.257871,
                    0.0
                ],
                [
                    140.395149,
                    117.239158,
                    0.0
                ],
                [
                    140.600903,
                    117.239158,
                    0.0
                ]
            ],
            "id": "Vertex_0000",
            "perimeter": 5.96,
            "type": 5,
            "vertex_color": "#ff0000",
            "vertex_size": 7,
            "x": 140.498026,
            "y": 116.748515,
            "z": 0.0
        },
        "Vertex_0007": {
            "area": 40.37,
            "compactness": 0.46,
            "geometry": [
                [
                    140.600898,
                    111.425081,
                    0.0
                ],
                [
                    138.501381,
                    111.425081,
                    0.0
                ],
                [
                    138.501381,
                    108.433741,
                    0.0
                ],
                [
                    134.027121,
                    108.433741,
                    0.0
                ],
                [
                    134.027121,
                    113.351163,
                    0.0
                ],
                [
                    138.632835,
                    113.351163,
                    0.0
                ],
                [
                    138.632835,
                    114.759783,
                    0.0
                ],
                [
                    144.056727,
                    114.759783,
                    0.0
                ],
                [
                    144.056727,
                    111.256482,
                    0.0
                ],
                [
                    143.275703,
                    111.256482,
                    0.0
                ],
                [
                    143.275703,
                    111.462222,
                    0.0
                ],
                [
                    140.600898,
                    111.462222,
                    0.0
                ]
            ],