{
    "properties": {
        "area": 114.18,
        "bedrooms": 1,
        "compactness": 0.53,
        "net_area": 101.46,
        "perimeter": 52.27,
        "unit_type_0": 1,
        "unit_type_1": 0,
        "unit_type_2": 0,
        "unit_type_3": 0
    },
    "vertices": {
        "Vertex_0000": {
            "area": 2.36,
            "compactness": 0.73,
            "geometry": [
                [
                    135.068793,
                    128.139986,
                    0.0
                ],
                [
                    135.068793,
                    128.364661,
                    0.0
                ],
                [
                    136.248334,
                    128.364661,
                    0.0
                ],
                [
                    136.248334,
                    128.139986,
                    0.0
                ]
            ],
            "id": "Vertex_0005",
            "perimeter": 6.36,
            "type": 5,
            "vertex_color": "#ff0000",
            "vertex_size": 7,
            "x": 135.658564,
            "y": 128.252323,
            "z": 0.0
        },
        "Vertex_0001": {
            "area": 43.86,
            "compactness": 0.45,
            "geometry": [
                [
                    132.896934,
                    121.13763,
                    0.0
                ],
                [
                    130.856146,
                    121.13763,
                    0.0
                ],
                [
                    130.856146,
                    130.630129,
                    0.0
                ],
                [
                    134.881564,
                    130.630129,
                    0.0
                ],
                [
                    134.881564,
                    128.177432,
                    0.0
                ],
                [
                    138.232959,
                    128.177432,
                    0.0
                ],
                [
                    138.232959,
                    126.73577,
                    0.0
                ],
                [
                    138.944429,
                    126.73577,
                    0.0
                ],
                [
                    138.944429,
                    125.949409,
                    0.0
                ],
                [
                    136.922358,
                    125.949409,
                    0.0
                ],
                [
                    136.922358,
                    124.208172,
                    0.0
                ],
                [
                    133.608404,
                    124.208172,
                    0.0
                ],
                [
                    133.608404,
                    123.983512,
                    0.0
                ],
                [
                    132.896934,
                    123.983512,
                    0.0
                ]
            ],
            "id": "Vertex_0002",
            "perimeter": 35.16,
            "type": 0,
            "vertex_color": "#8b8b83",
            "vertex_size": 7,
            "x": 135.191828,
            "y": 125.831722,
            "z": 0.0
        },
        "Vertex_0002": {
            "area": 2.02,
            "compactness": 0.7,
            "geometry": [
                [
                    137.109587,
                    125.762181,
                    0.0
                ],
                [
                    137.109587,
                    125.986855,
                    0.0
                ],
                [
                    138.120622,
                    125.986855,
                    0.0
                ],
                [
                    138.120622,
                    125.762181,
                    0.0
                ]
            ],
            "id": "Vertex_0012",
            "perimeter": 6.02,
            "type": 5,
            "vertex_color": "#ff0000",
            "vertex_size": 7,
            "x": 137.615104,
            "y": 125.874518,
            "z": 0.0
        },
        "Vertex_0003": {
            "area": 20.99,
            "compactness": 0.69,
            "geometry": [
                [
                    138.382742,
                    126.885553,
                    0.0
                ],
                [
                    138.382742,
                    128.177432,
                    0.0
                ],
                [
                    139.094212,
                    128.177432,
                    0.0
                ],
                [
                    139.094212,
                    131.341598,
                    0.0
                ],
                [
                    142.951124,
                    131.341598,
                    0.0
                ],
                [
                    142.951124,
                    126.136638,
                    0.0
                ],
                [
                    139.094212,
                    126.136638,
                    0.0
                ],
                [
                    139.094212,
                    126.885553,
                    0.0
                ]
            ],
            "id": "Vertex_0006",
            "perimeter": 19.55,
            "type": 1,
            "vertex_color": "#20b2aa",
            "vertex_size": 7,
            "x": 139.880573,
            "y": 128.135305,
            "z": 0.0
        },
        "Vertex_0004": {
            "area": 3.65,
            "compactness": 0.79,
            "geometry": [
                [
                    138.944429,
                    125.799626,
                    0.0
                ],
                [
                    138.944429,
                    123.852447,
                    0.0
                ],
                [
                    137.072141,
                    123.852447,
                    0.0
                ],
                [
                    137.072141,
                    125.799626,
                    0.0
                ]
            ],
            "id": "Vertex_0008",
            "perimeter": 7.64,
            "type": 2,
            "vertex_color": "#ff8c00",
            "vertex_size": 7,
            "x": 138.008285,
            "y": 124.826037,
            "z": 0.0
        },
        "Vertex_0005": {
            "area": 15.9,
            "compactness": 0.79,
            "geometry": [
                [
                    138.944429,
                    132.390079,
                    0.0
                ],
                [
                    138.944429,
                    128.327215,
                    0.0
                ],
                [
                    135.031347,
                    128.327215,
                    0.0
                ],
                [
                    135.031347,
                    132.390079,
                    0.0
                ]
            ],
            "id": "Vertex_0007",
            "perimeter": 15.95,
            "type": 1,
            "vertex_color": "#20b2aa",
            "vertex_size": 7,
            "x": 136.987888,
            "y": 130.358647,
            "z": 0.0
        },
        "Vertex_0006": {
            "area": 2.43,
            "compactness": 0.74,
            "geometry": [
                [
                    138.420188,
                    126.922999,
                    0.0
                ],
                [
                    138.195514,
                    126.922999,
                    0.0
                ],
                [
                    138.195514,
                    128.139986,
                    0.0
                ],
                [
                    138.420188,
                    128.139986,
                    0.0
                ]
            ],
            "id": "Vertex_0011",
            "perimeter": 6.43,
            "type": 5,